id_employe,nom,prenom,poste,departement_id,date_embauche,date_depart,salaire
1,Nom_1,Prenom_1,Analyste,9,2020-04-11,,3500
2,Nom_2,Prenom_2,Finance,9,2022-05-23,,4429
3,Nom_3,Prenom_3,Manager,1,2019-11-27,,2447
4,Nom_4,Prenom_4,Manager,2,2023-01-22,,4118
5,Nom_5,Prenom_5,Manager,5,2019-03-29,,4487
6,Nom_6,Prenom_6,Finance,4,2022-10-28,2023-11-22,1396
7,Nom_7,Prenom_7,Analyste,10,2022-01-28,,1284
8,Nom_8,Prenom_8,Finance,9,2021-05-21,,1445
9,Nom_9,Prenom_9,Finance,7,2023-08-15,,3889
10,Nom_10,Prenom_10,Manager,6,2019-05-11,,1520
11,Nom_11,Prenom_11,Developpeur,7,2023-08-13,,1298
12,Nom_12,Prenom_12,Analyste,1,2022-08-25,2026-04-12,2473
13,Nom_13,Prenom_13,Manager,1,2021-02-08,,3867
14,Nom_14,Prenom_14,Developpeur,8,2019-12-10,,914
15,Nom_15,Prenom_15,Developpeur,2,2023-02-24,,3779
16,Nom_16,Prenom_16,RH,10,2022-12-08,,2536
17,Nom_17,Prenom_17,Analyste,9,2021-03-16,,4411
18,Nom_18,Prenom_18,Developpeur,7,2020-01-21,,3053
19,Nom_19,Prenom_19,Manager,6,2022-04-30,,3094
20,Nom_20,Prenom_20,RH,1,2021-08-13,,4430
21,Nom_21,Prenom_21,Analyste,1,2019-10-04,,946
22,Nom_22,Prenom_22,Finance,2,2022-03-30,,4782
23,Nom_23,Prenom_23,Manager,6,2020-04-04,2024-03-06,4253
24,Nom_24,Prenom_24,Developpeur,6,2022-08-30,,3210
25,Nom_25,Prenom_25,Developpeur,2,2019-01-22,,936
26,Nom_26,Prenom_26,Manager,1,2019-09-10,,4160
27,Nom_27,Prenom_27,Developpeur,10,2021-01-17,,3805
28,Nom_28,Prenom_28,RH,5,2021-05-06,,4352
29,Nom_29,Prenom_29,Analyste,5,2023-05-04,,818
30,Nom_30,Prenom_30,RH,2,2020-04-19,,3042
31,Nom_31,Prenom_31,Developpeur,6,2021-12-18,,1248
32,Nom_32,Prenom_32,Finance,9,2020-05-25,,2748
33,Nom_33,Prenom_33,Analyste,2,2023-09-02,2028-08-03,1745
34,Nom_34,Prenom_34,Analyste,10,2023-02-08,2028-03-12,2720
35,Nom_35,Prenom_35,Manager,2,2020-11-30,,3777
36,Nom_36,Prenom_36,Manager,3,2021-09-02,2026-01-10,4988
37,Nom_37,Prenom_37,Finance,7,2023-12-12,,4815
38,Nom_38,Prenom_38,Analyste,6,2019-07-09,,1038
39,Nom_39,Prenom_39,Finance,8,2021-08-15,,1004
40,Nom_40,Prenom_40,Manager,8,2020-11-17,,3407
41,Nom_41,Prenom_41,Manager,6,2021-08-15,,4188
42,Nom_42,Prenom_42,Analyste,10,2020-07-16,,3772
43,Nom_43,Prenom_43,RH,3,2023-05-10,,3487
44,Nom_44,Prenom_44,Developpeur,3,2022-06-21,,4966
45,Nom_45,Prenom_45,Manager,1,2021-04-11,,2148
46,Nom_46,Prenom_46,Manager,7,2023-03-09,,1616
47,Nom_47,Prenom_47,RH,5,2022-02-28,,1620
48,Nom_48,Prenom_48,RH,4,2023-02-17,,992
49,Nom_49,Prenom_49,Finance,10,2020-10-08,,2576
50,Nom_50,Prenom_50,Finance,4,2019-01-21,2019-12-06,4445
51,Nom_51,Prenom_51,Developpeur,4,2021-04-20,,1050
52,Nom_52,Prenom_52,Developpeur,6,2019-06-16,,2588
53,Nom_53,Prenom_53,Analyste,8,2022-07-21,,4500
54,Nom_54,Prenom_54,Finance,8,2020-01-23,2022-01-12,3263
55,Nom_55,Prenom_55,Manager,5,2020-08-23,,1967
56,Nom_56,Prenom_56,Finance,6,2019-11-12,,4693
57,Nom_57,Prenom_57,Manager,4,2019-01-14,,1896
58,Nom_58,Prenom_58,RH,9,2019-08-30,,3479
59,Nom_59,Prenom_59,Finance,8,2021-02-15,,2647
60,Nom_60,Prenom_60,RH,10,2022-10-01,2027-02-11,4704
61,Nom_61,Prenom_61,Developpeur,10,2020-07-18,,1304
62,Nom_62,Prenom_62,Developpeur,1,2021-06-16,,2421
63,Nom_63,Prenom_63,Analyste,2,2022-09-25,,3272
64,Nom_64,Prenom_64,Finance,9,2019-04-02,,3346
65,Nom_65,Prenom_65,RH,8,2022-10-22,,2187
66,Nom_66,Prenom_66,Manager,3,2021-08-13,,3794
67,Nom_67,Prenom_67,Developpeur,8,2023-01-18,,4616
68,Nom_68,Prenom_68,Developpeur,1,2022-12-22,,1517
69,Nom_69,Prenom_69,Manager,10,2020-05-23,,4284
70,Nom_70,Prenom_70,RH,4,2021-02-14,,1458
71,Nom_71,Prenom_71,RH,3,2019-02-04,,4808
72,Nom_72,Prenom_72,Finance,6,2019-07-25,,4564
73,Nom_73,Prenom_73,Finance,7,2022-01-09,,3789
74,Nom_74,Prenom_74,Analyste,4,2023-05-05,,2904
75,Nom_75,Prenom_75,Developpeur,7,2022-11-12,,2055
76,Nom_76,Prenom_76,Finance,9,2021-10-22,,3282
77,Nom_77,Prenom_77,RH,2,2021-10-18,,1183
78,Nom_78,Prenom_78,Manager,3,2022-11-14,,3407
79,Nom_79,Prenom_79,RH,5,2020-07-19,,993
80,Nom_80,Prenom_80,Developpeur,3,2022-02-03,,4607
81,Nom_81,Prenom_81,RH,8,2023-12-01,,4519
82,Nom_82,Prenom_82,Analyste,10,2023-02-09,,3381
83,Nom_83,Prenom_83,Developpeur,8,2020-12-03,,3365
84,Nom_84,Prenom_84,Manager,8,2020-02-06,,3563
85,Nom_85,Prenom_85,Analyste,9,2020-12-30,,3598
86,Nom_86,Prenom_86,Developpeur,4,2023-04-29,,3139
87,Nom_87,Prenom_87,Manager,5,2019-06-11,,4206
88,Nom_88,Prenom_88,Analyste,5,2019-07-21,,1531
89,Nom_89,Prenom_89,Analyste,8,2021-09-22,,3672
90,Nom_90,Prenom_90,Developpeur,7,2019-09-27,,3920
91,Nom_91,Prenom_91,Finance,9,2021-03-26,,4977
92,Nom_92,Prenom_92,Analyste,8,2022-07-18,,3404
93,Nom_93,Prenom_93,Analyste,2,2020-03-31,,3182
94,Nom_94,Prenom_94,Manager,10,2023-01-25,2024-04-18,1331
95,Nom_95,Prenom_95,RH,4,2023-10-17,,1434
96,Nom_96,Prenom_96,Developpeur,6,2022-06-29,,2569
97,Nom_97,Prenom_97,Developpeur,2,2021-10-13,,4604
98,Nom_98,Prenom_98,Finance,7,2023-09-22,,3170
99,Nom_99,Prenom_99,Finance,3,2019-10-23,,802
100,Nom_100,Prenom_100,Developpeur,3,2023-10-15,2029-02-27,1005
101,Nom_101,Prenom_101,Finance,2,2020-12-20,,4935
102,Nom_102,Prenom_102,Manager,8,2023-11-08,,3421
103,Nom_103,Prenom_103,Developpeur,6,2019-12-04,,3690
104,Nom_104,Prenom_104,Finance,1,2021-05-28,2024-09-24,3993
105,Nom_105,Prenom_105,Developpeur,1,2021-12-12,,3466
106,Nom_106,Prenom_106,RH,7,2021-03-02,,4106
107,Nom_107,Prenom_107,Analyste,8,2019-08-05,,1697
108,Nom_108,Prenom_108,Developpeur,5,2021-02-02,,1885
109,Nom_109,Prenom_109,Analyste,5,2019-07-07,,2079
110,Nom_110,Prenom_110,Finance,4,2020-01-15,,1470
111,Nom_111,Prenom_111,Analyste,6,2020-05-07,,2305
112,Nom_112,Prenom_112,Developpeur,6,2021-11-30,,4375
113,Nom_113,Prenom_113,RH,3,2022-03-26,,2755
114,Nom_114,Prenom_114,Finance,9,2019-01-15,,1049
115,Nom_115,Prenom_115,Developpeur,7,2019-03-06,2023-07-15,2692
116,Nom_116,Prenom_116,Finance,1,2020-06-04,,4239
117,Nom_117,Prenom_117,Manager,7,2022-09-29,,2653
118,Nom_118,Prenom_118,Analyste,5,2022-02-26,,3654
119,Nom_119,Prenom_119,Manager,5,2020-10-09,,2303
120,Nom_120,Prenom_120,Developpeur,2,2023-02-04,,4185
121,Nom_121,Prenom_121,RH,4,2021-12-22,2026-03-11,4371
122,Nom_122,Prenom_122,Finance,6,2022-03-08,,4592
123,Nom_123,Prenom_123,Analyste,10,2023-03-03,,4226
124,Nom_124,Prenom_124,Finance,7,2020-08-15,2022-07-01,843
125,Nom_125,Prenom_125,Developpeur,5,2020-01-27,,4412
126,Nom_126,Prenom_126,Finance,9,2023-08-26,,3418
127,Nom_127,Prenom_127,Analyste,3,2020-02-23,,3963
128,Nom_128,Prenom_128,Developpeur,1,2019-10-16,,2088
129,Nom_129,Prenom_129,Finance,4,2020-01-14,,3742
130,Nom_130,Prenom_130,RH,9,2023-12-02,,1019
131,Nom_131,Prenom_131,Developpeur,4,2023-02-22,,2725
132,Nom_132,Prenom_132,Developpeur,2,2019-08-19,,3772
133,Nom_133,Prenom_133,RH,10,2021-10-14,,4313
134,Nom_134,Prenom_134,Manager,5,2019-02-10,,3248
135,Nom_135,Prenom_135,Analyste,3,2021-11-17,,4271
136,Nom_136,Prenom_136,Manager,9,2019-05-15,2022-12-14,3574
137,Nom_137,Prenom_137,Finance,4,2019-07-20,2020-02-16,1790
138,Nom_138,Prenom_138,RH,6,2021-02-18,,3746
139,Nom_139,Prenom_139,Manager,2,2021-07-18,,2612
140,Nom_140,Prenom_140,Developpeur,6,2021-11-22,,1603
141,Nom_141,Prenom_141,Finance,3,2021-12-07,,1289
142,Nom_142,Prenom_142,Finance,9,2020-05-17,2023-11-15,4356
143,Nom_143,Prenom_143,Manager,2,2020-02-11,,2293
144,Nom_144,Prenom_144,Manager,9,2023-05-17,,4445
145,Nom_145,Prenom_145,RH,5,2023-10-18,,3691
146,Nom_146,Prenom_146,Analyste,8,2021-03-15,,2505
147,Nom_147,Prenom_147,Manager,2,2019-04-09,,4316
148,Nom_148,Prenom_148,Manager,6,2020-11-14,,4140
149,Nom_149,Prenom_149,Developpeur,3,2020-12-26,2024-09-30,853
150,Nom_150,Prenom_150,Finance,10,2023-04-20,,3375
151,Nom_151,Prenom_151,Analyste,5,2021-08-18,,4391
152,Nom_152,Prenom_152,Developpeur,8,2023-10-29,,1415
153,Nom_153,Prenom_153,RH,10,2020-09-04,,1754
154,Nom_154,Prenom_154,RH,1,2023-01-25,,3233
155,Nom_155,Prenom_155,Manager,5,2020-10-04,,2429
156,Nom_156,Prenom_156,Manager,3,2023-11-28,,3581
157,Nom_157,Prenom_157,RH,4,2021-10-25,,1449
158,Nom_158,Prenom_158,Manager,2,2022-05-26,,3147
159,Nom_159,Prenom_159,Analyste,9,2020-05-17,,4078
160,Nom_160,Prenom_160,Manager,3,2021-02-05,2024-07-31,3440
161,Nom_161,Prenom_161,Finance,2,2020-02-02,,4601
162,Nom_162,Prenom_162,Manager,10,2021-05-20,,3361
163,Nom_163,Prenom_163,Developpeur,9,2021-03-05,,4049
164,Nom_164,Prenom_164,Analyste,7,2020-01-28,,1170
165,Nom_165,Prenom_165,Developpeur,6,2019-07-26,,1657
166,Nom_166,Prenom_166,Developpeur,1,2021-11-04,,1183
167,Nom_167,Prenom_167,Finance,5,2023-04-27,,4677
168,Nom_168,Prenom_168,Analyste,3,2021-06-10,,3352
169,Nom_169,Prenom_169,Analyste,1,2023-01-24,,3525
170,Nom_170,Prenom_170,Analyste,4,2023-09-11,,4834
171,Nom_171,Prenom_171,Analyste,2,2023-05-18,,4093
172,Nom_172,Prenom_172,Analyste,2,2021-05-13,2024-01-30,4788
173,Nom_173,Prenom_173,Finance,3,2021-01-12,,1722
174,Nom_174,Prenom_174,Manager,8,2022-06-18,2023-12-11,3715
175,Nom_175,Prenom_175,Developpeur,8,2020-07-17,2025-08-12,3750
176,Nom_176,Prenom_176,Analyste,7,2021-10-17,,3846
177,Nom_177,Prenom_177,Manager,6,2019-04-06,,1774
178,Nom_178,Prenom_178,Manager,9,2023-10-24,,2030
179,Nom_179,Prenom_179,Developpeur,4,2020-04-29,,3235
180,Nom_180,Prenom_180,Finance,1,2022-12-01,,2614
181,Nom_181,Prenom_181,RH,8,2019-08-19,,3734
182,Nom_182,Prenom_182,RH,7,2021-01-18,,2163
183,Nom_183,Prenom_183,Manager,7,2023-08-06,2028-01-28,4740
184,Nom_184,Prenom_184,Developpeur,3,2022-04-09,,1003
185,Nom_185,Prenom_185,RH,4,2020-06-24,,960
186,Nom_186,Prenom_186,Manager,10,2021-11-25,,1568
187,Nom_187,Prenom_187,Finance,9,2020-06-08,,4548
188,Nom_188,Prenom_188,RH,6,2022-03-29,,3381
189,Nom_189,Prenom_189,Manager,5,2023-09-19,,1893
190,Nom_190,Prenom_190,Manager,3,2022-06-20,2025-07-02,1407
191,Nom_191,Prenom_191,Analyste,9,2022-01-14,,2340
192,Nom_192,Prenom_192,Finance,5,2023-12-25,,3675
193,Nom_193,Prenom_193,Analyste,5,2020-07-31,,3991
194,Nom_194,Prenom_194,Developpeur,4,2020-11-12,,2637
195,Nom_195,Prenom_195,Analyste,4,2020-07-10,,1489
196,Nom_196,Prenom_196,Analyste,1,2023-05-17,,4559
197,Nom_197,Prenom_197,RH,7,2021-10-09,,3749
198,Nom_198,Prenom_198,Manager,9,2020-10-07,,2903
199,Nom_199,Prenom_199,Finance,3,2021-03-06,,1165
200,Nom_200,Prenom_200,Analyste,2,2021-11-17,,4375
201,Nom_201,Prenom_201,Finance,3,2023-07-02,,4999
202,Nom_202,Prenom_202,Analyste,1,2023-04-29,,4972
203,Nom_203,Prenom_203,Developpeur,6,2022-09-25,,3178
204,Nom_204,Prenom_204,Analyste,7,2023-12-27,,2005
205,Nom_205,Prenom_205,RH,2,2022-09-16,,4639
206,Nom_206,Prenom_206,Manager,8,2023-07-22,,3535
207,Nom_207,Prenom_207,Developpeur,6,2023-03-10,,4147
208,Nom_208,Prenom_208,Analyste,4,2022-10-03,2023-07-09,2475
209,Nom_209,Prenom_209,Finance,5,2023-02-05,,1098
210,Nom_210,Prenom_210,Developpeur,8,2022-06-08,,1756
211,Nom_211,Prenom_211,Developpeur,3,2019-07-09,,1914
212,Nom_212,Prenom_212,Analyste,3,2022-06-02,,3305
213,Nom_213,Prenom_213,Developpeur,4,2022-11-09,,2274
214,Nom_214,Prenom_214,Finance,1,2022-11-01,,4526
215,Nom_215,Prenom_215,Developpeur,9,2022-07-30,,4271
216,Nom_216,Prenom_216,Finance,8,2020-09-24,,3628
217,Nom_217,Prenom_217,Analyste,8,2020-09-19,,3650
218,Nom_218,Prenom_218,Manager,10,2021-08-30,,3306
219,Nom_219,Prenom_219,Developpeur,6,2023-11-04,,4570
220,Nom_220,Prenom_220,Manager,7,2022-07-06,,3764
221,Nom_221,Prenom_221,Finance,6,2022-10-14,,1749
222,Nom_222,Prenom_222,Developpeur,9,2020-12-10,2026-01-14,3650
223,Nom_223,Prenom_223,RH,3,2023-01-19,,965
224,Nom_224,Prenom_224,Manager,3,2022-12-05,,4286
225,Nom_225,Prenom_225,Developpeur,3,2020-10-10,,3309
226,Nom_226,Prenom_226,Manager,10,2019-11-14,,1719
227,Nom_227,Prenom_227,Developpeur,3,2023-08-28,,913
228,Nom_228,Prenom_228,Analyste,9,2022-06-02,,4304
229,Nom_229,Prenom_229,Manager,4,2022-06-11,,1791
230,Nom_230,Prenom_230,RH,7,2020-11-14,,4639
231,Nom_231,Prenom_231,RH,9,2020-10-25,,2058
232,Nom_232,Prenom_232,Finance,7,2022-10-29,,4226
233,Nom_233,Prenom_233,Developpeur,9,2023-08-23,2024-02-27,1314
234,Nom_234,Prenom_234,Manager,3,2023-06-20,2028-05-01,3996
235,Nom_235,Prenom_235,Finance,4,2023-02-04,,3384
236,Nom_236,Prenom_236,Manager,8,2022-06-10,,867
237,Nom_237,Prenom_237,Developpeur,6,2023-09-12,,2396
238,Nom_238,Prenom_238,RH,5,2022-02-10,,818
239,Nom_239,Prenom_239,Analyste,4,2023-03-01,,3530
240,Nom_240,Prenom_240,RH,8,2020-03-17,2022-08-10,4321
241,Nom_241,Prenom_241,Finance,1,2020-07-17,,1372
242,Nom_242,Prenom_242,Analyste,9,2022-07-15,,3058
243,Nom_243,Prenom_243,Finance,1,2023-03-14,,3702
244,Nom_244,Prenom_244,Developpeur,8,2022-11-10,,1450
245,Nom_245,Prenom_245,Analyste,4,2022-11-11,2026-03-27,3387
246,Nom_246,Prenom_246,Finance,9,2022-02-10,,4062
247,Nom_247,Prenom_247,Developpeur,5,2023-06-25,,2138
248,Nom_248,Prenom_248,RH,3,2023-07-07,,4434
249,Nom_249,Prenom_249,Developpeur,9,2021-08-09,,3627
250,Nom_250,Prenom_250,Manager,9,2022-01-09,,3017
251,Nom_251,Prenom_251,Developpeur,4,2020-11-29,,4339
252,Nom_252,Prenom_252,Developpeur,4,2019-04-23,,1837
253,Nom_253,Prenom_253,Manager,8,2019-01-02,,4778
254,Nom_254,Prenom_254,Finance,2,2020-10-03,,3761
255,Nom_255,Prenom_255,Finance,9,2019-08-08,,4026
256,Nom_256,Prenom_256,Developpeur,6,2023-05-09,,1898
257,Nom_257,Prenom_257,Manager,9,2021-05-04,2024-12-11,3124
258,Nom_258,Prenom_258,Manager,8,2023-10-26,,1739
259,Nom_259,Prenom_259,RH,7,2022-06-02,,4516
260,Nom_260,Prenom_260,Finance,1,2020-01-20,,4214
261,Nom_261,Prenom_261,Analyste,3,2022-11-27,,2248
262,Nom_262,Prenom_262,Finance,2,2023-07-20,,1370
263,Nom_263,Prenom_263,Finance,5,2022-02-27,2023-11-30,3704
264,Nom_264,Prenom_264,RH,5,2021-12-12,2024-12-16,3305
265,Nom_265,Prenom_265,Analyste,5,2023-09-04,,1717
266,Nom_266,Prenom_266,RH,4,2020-12-30,,2674
267,Nom_267,Prenom_267,Analyste,5,2023-08-23,,2478
268,Nom_268,Prenom_268,Developpeur,3,2023-09-30,,1415
269,Nom_269,Prenom_269,Analyste,1,2022-12-10,,2549
270,Nom_270,Prenom_270,RH,5,2019-09-04,,4625
271,Nom_271,Prenom_271,Finance,9,2021-04-15,,4988
272,Nom_272,Prenom_272,Analyste,9,2023-01-02,,3277
273,Nom_273,Prenom_273,Analyste,4,2019-07-22,,4305
274,Nom_274,Prenom_274,Manager,3,2022-04-22,,4275
275,Nom_275,Prenom_275,Finance,1,2019-05-03,,1935
276,Nom_276,Prenom_276,Developpeur,2,2020-02-05,2023-10-13,4800
277,Nom_277,Prenom_277,RH,8,2021-02-05,,1174
278,Nom_278,Prenom_278,Developpeur,1,2019-10-21,,1006
279,Nom_279,Prenom_279,Finance,8,2019-10-07,,2119
280,Nom_280,Prenom_280,Analyste,7,2021-06-02,,1941
281,Nom_281,Prenom_281,Analyste,8,2023-06-22,,3490
282,Nom_282,Prenom_282,Finance,6,2019-07-17,,4055
283,Nom_283,Prenom_283,Analyste,9,2021-09-08,,889
284,Nom_284,Prenom_284,Analyste,3,2023-03-15,,4908
285,Nom_285,Prenom_285,Analyste,10,2021-01-21,,3820
286,Nom_286,Prenom_286,RH,4,2019-05-24,,2657
287,Nom_287,Prenom_287,RH,6,2020-08-31,,1604
288,Nom_288,Prenom_288,Manager,8,2022-05-09,,1744
289,Nom_289,Prenom_289,Developpeur,5,2022-02-21,,3589
290,Nom_290,Prenom_290,Finance,3,2019-07-06,2021-01-25,4675
291,Nom_291,Prenom_291,Finance,6,2022-09-11,,2410
292,Nom_292,Prenom_292,Finance,4,2020-04-08,,3723
293,Nom_293,Prenom_293,Manager,9,2022-10-04,,4682
294,Nom_294,Prenom_294,RH,3,2023-11-30,,4021
295,Nom_295,Prenom_295,Manager,4,2020-10-21,,3187
296,Nom_296,Prenom_296,Finance,7,2021-02-02,,1741
297,Nom_297,Prenom_297,Developpeur,7,2021-08-12,,3366
298,Nom_298,Prenom_298,Analyste,4,2020-02-07,,1775
299,Nom_299,Prenom_299,RH,6,2022-10-01,,1754
300,Nom_300,Prenom_300,RH,3,2023-03-15,,2062
301,Nom_301,Prenom_301,Manager,6,2019-05-27,,1743
302,Nom_302,Prenom_302,RH,2,2022-03-17,,3002
303,Nom_303,Prenom_303,Finance,8,2021-05-13,2023-08-02,4127
304,Nom_304,Prenom_304,Finance,2,2023-10-01,,3059
305,Nom_305,Prenom_305,Manager,7,2020-05-03,2022-09-11,2628
306,Nom_306,Prenom_306,Finance,9,2021-07-17,,2057
307,Nom_307,Prenom_307,Developpeur,1,2023-07-22,,1264
308,Nom_308,Prenom_308,Manager,8,2020-07-04,,4094
309,Nom_309,Prenom_309,Developpeur,7,2019-12-04,,2030
310,Nom_310,Prenom_310,Analyste,6,2021-05-21,,3454
311,Nom_311,Prenom_311,Developpeur,6,2020-10-02,,1684
312,Nom_312,Prenom_312,Analyste,6,2023-12-08,,4605
313,Nom_313,Prenom_313,Analyste,9,2020-04-17,,4656
314,Nom_314,Prenom_314,Developpeur,2,2019-05-31,,3935
315,Nom_315,Prenom_315,Manager,1,2022-12-09,,1724
316,Nom_316,Prenom_316,Finance,6,2022-08-14,,2346
317,Nom_317,Prenom_317,Finance,10,2023-06-23,2024-05-24,1894
318,Nom_318,Prenom_318,Analyste,8,2019-09-20,,3211
319,Nom_319,Prenom_319,Analyste,3,2023-11-23,,3417
320,Nom_320,Prenom_320,Manager,10,2019-05-24,2020-10-19,1562
321,Nom_321,Prenom_321,RH,1,2019-12-12,,3123
322,Nom_322,Prenom_322,Developpeur,9,2020-09-15,,4945
323,Nom_323,Prenom_323,Analyste,1,2021-10-13,,3575
324,Nom_324,Prenom_324,Finance,3,2023-05-15,,3955
325,Nom_325,Prenom_325,Manager,8,2021-05-30,,4770
326,Nom_326,Prenom_326,Developpeur,3,2019-01-02,,2840
327,Nom_327,Prenom_327,Manager,4,2021-06-15,,1383
328,Nom_328,Prenom_328,Developpeur,8,2022-08-20,2023-11-02,2903
329,Nom_329,Prenom_329,Developpeur,1,2019-09-11,,2742
330,Nom_330,Prenom_330,Analyste,6,2023-08-03,,909
331,Nom_331,Prenom_331,Manager,1,2020-03-28,2020-12-14,991
332,Nom_332,Prenom_332,Manager,1,2021-11-26,,1703
333,Nom_333,Prenom_333,Finance,8,2022-03-29,,1661
334,Nom_334,Prenom_334,Finance,4,2021-10-11,,1883
335,Nom_335,Prenom_335,Analyste,1,2019-01-09,,1449
336,Nom_336,Prenom_336,Analyste,10,2022-06-10,,4934
337,Nom_337,Prenom_337,RH,7,2022-01-27,,4411
338,Nom_338,Prenom_338,Finance,5,2023-08-10,,1436
339,Nom_339,Prenom_339,Developpeur,5,2021-03-26,,1836
340,Nom_340,Prenom_340,Manager,1,2019-07-27,,4931
341,Nom_341,Prenom_341,Analyste,10,2022-02-28,2024-09-18,2948
342,Nom_342,Prenom_342,Manager,6,2020-02-08,,4665
343,Nom_343,Prenom_343,Manager,9,2019-06-01,,3957
344,Nom_344,Prenom_344,RH,9,2019-02-23,,4387
345,Nom_345,Prenom_345,Finance,8,2022-02-17,2026-08-19,4094
346,Nom_346,Prenom_346,Analyste,5,2023-08-24,2027-05-30,3230
347,Nom_347,Prenom_347,Manager,1,2020-09-19,,2679
348,Nom_348,Prenom_348,Analyste,9,2020-08-09,,4766
349,Nom_349,Prenom_349,Developpeur,1,2023-07-07,2027-06-10,4513
350,Nom_350,Prenom_350,RH,8,2022-12-14,,4926
351,Nom_351,Prenom_351,Developpeur,5,2022-12-16,,4906
352,Nom_352,Prenom_352,Analyste,3,2019-04-14,,2811
353,Nom_353,Prenom_353,Analyste,7,2019-09-11,,4173
354,Nom_354,Prenom_354,Finance,7,2022-06-04,,2943
355,Nom_355,Prenom_355,Manager,9,2022-02-09,,3300
356,Nom_356,Prenom_356,Manager,7,2020-05-24,2022-11-09,2089
357,Nom_357,Prenom_357,Developpeur,3,2023-02-05,,2247
358,Nom_358,Prenom_358,RH,1,2019-04-09,,3999
359,Nom_359,Prenom_359,Manager,8,2019-06-02,,2743
360,Nom_360,Prenom_360,Finance,3,2021-07-02,2022-03-13,3983
361,Nom_361,Prenom_361,Developpeur,8,2021-05-27,,4016
362,Nom_362,Prenom_362,Developpeur,8,2019-12-04,,3936
363,Nom_363,Prenom_363,Finance,5,2023-09-26,,4118
364,Nom_364,Prenom_364,RH,1,2021-04-01,,3582
365,Nom_365,Prenom_365,Finance,10,2022-04-01,,1790
366,Nom_366,Prenom_366,RH,7,2023-10-10,,2953
367,Nom_367,Prenom_367,Finance,10,2021-08-14,,1025
368,Nom_368,Prenom_368,Finance,5,2023-09-01,,1576
369,Nom_369,Prenom_369,Analyste,8,2019-06-10,,3637
370,Nom_370,Prenom_370,Developpeur,9,2023-05-23,2027-06-04,1487
371,Nom_371,Prenom_371,Finance,7,2021-03-11,,1329
372,Nom_372,Prenom_372,Finance,7,2020-02-02,,4242
373,Nom_373,Prenom_373,Manager,1,2022-07-24,,2953
374,Nom_374,Prenom_374,Developpeur,4,2021-03-26,,2094
375,Nom_375,Prenom_375,Manager,2,2023-03-08,,2326
376,Nom_376,Prenom_376,Developpeur,2,2022-11-16,,3696
377,Nom_377,Prenom_377,Manager,2,2022-03-04,,3903
378,Nom_378,Prenom_378,Finance,4,2022-05-03,,3240
379,Nom_379,Prenom_379,Finance,1,2020-02-05,,4935
380,Nom_380,Prenom_380,Analyste,4,2020-10-01,,4602
381,Nom_381,Prenom_381,Manager,2,2021-11-22,,1644
382,Nom_382,Prenom_382,RH,5,2020-11-18,,1246
383,Nom_383,Prenom_383,Analyste,3,2020-04-04,,4715
384,Nom_384,Prenom_384,Manager,8,2021-08-12,,3909
385,Nom_385,Prenom_385,Manager,4,2020-04-14,,2034
386,Nom_386,Prenom_386,Analyste,1,2022-10-30,,1026
387,Nom_387,Prenom_387,Finance,1,2021-11-11,,4943
388,Nom_388,Prenom_388,Manager,10,2021-01-19,,3759
389,Nom_389,Prenom_389,Finance,3,2023-08-21,,2630
390,Nom_390,Prenom_390,Analyste,9,2019-02-07,,4579
391,Nom_391,Prenom_391,Finance,7,2019-08-18,,986
392,Nom_392,Prenom_392,Developpeur,2,2022-10-20,,3677
393,Nom_393,Prenom_393,RH,9,2020-07-16,,3335
394,Nom_394,Prenom_394,Manager,10,2020-03-13,,2732
395,Nom_395,Prenom_395,RH,2,2023-12-05,2026-02-17,3724
396,Nom_396,Prenom_396,Finance,3,2022-07-30,,1648
397,Nom_397,Prenom_397,Manager,10,2019-01-27,,2832
398,Nom_398,Prenom_398,Finance,2,2019-08-14,,2052
399,Nom_399,Prenom_399,Developpeur,3,2022-07-24,,2681
400,Nom_400,Prenom_400,Analyste,6,2021-03-08,,1069
401,Nom_401,Prenom_401,Manager,9,2023-06-21,2024-02-17,2430
402,Nom_402,Prenom_402,Developpeur,9,2019-10-11,,4003
403,Nom_403,Prenom_403,Developpeur,7,2021-05-28,,2374
404,Nom_404,Prenom_404,Manager,3,2021-08-17,,3692
405,Nom_405,Prenom_405,Finance,4,2023-02-13,,2495
406,Nom_406,Prenom_406,Developpeur,6,2020-03-28,2023-02-14,4058
407,Nom_407,Prenom_407,RH,5,2021-10-16,2023-02-27,4062
408,Nom_408,Prenom_408,Developpeur,2,2021-03-26,,2245
409,Nom_409,Prenom_409,Finance,6,2020-10-20,,1019
410,Nom_410,Prenom_410,Finance,3,2023-03-20,,852
411,Nom_411,Prenom_411,RH,8,2020-06-30,2021-04-07,2557
412,Nom_412,Prenom_412,Developpeur,2,2022-04-30,,2466
413,Nom_413,Prenom_413,Finance,1,2021-12-08,,3585
414,Nom_414,Prenom_414,Manager,9,2023-03-16,,1519
415,Nom_415,Prenom_415,Analyste,3,2019-01-17,,1205
416,Nom_416,Prenom_416,Analyste,1,2022-04-10,,3094
417,Nom_417,Prenom_417,Analyste,7,2022-05-28,2026-11-15,871
418,Nom_418,Prenom_418,Developpeur,10,2019-06-07,,2853
419,Nom_419,Prenom_419,RH,5,2020-04-21,,2029
420,Nom_420,Prenom_420,Finance,5,2021-12-05,,2367
421,Nom_421,Prenom_421,Manager,1,2022-10-28,,4482
422,Nom_422,Prenom_422,Manager,9,2020-06-01,,3753
423,Nom_423,Prenom_423,Developpeur,7,2019-04-09,,1498
424,Nom_424,Prenom_424,Analyste,8,2023-11-04,,1626
425,Nom_425,Prenom_425,Developpeur,9,2021-11-26,,1148
426,Nom_426,Prenom_426,RH,6,2019-10-07,,4708
427,Nom_427,Prenom_427,RH,5,2022-10-04,,1107
428,Nom_428,Prenom_428,Finance,6,2020-05-11,,4216
429,Nom_429,Prenom_429,Finance,2,2019-10-29,,3134
430,Nom_430,Prenom_430,RH,4,2019-06-30,,3609
431,Nom_431,Prenom_431,RH,3,2020-08-29,,4358
432,Nom_432,Prenom_432,RH,7,2022-01-27,2024-12-15,4277
433,Nom_433,Prenom_433,Developpeur,9,2020-11-30,,3486
434,Nom_434,Prenom_434,RH,5,2021-09-19,,3785
435,Nom_435,Prenom_435,Manager,6,2022-02-13,,1075
436,Nom_436,Prenom_436,Analyste,10,2019-07-10,,3347
437,Nom_437,Prenom_437,RH,2,2019-09-10,,3564
438,Nom_438,Prenom_438,Analyste,3,2021-09-07,,1136
439,Nom_439,Prenom_439,Developpeur,3,2021-07-16,,2773
440,Nom_440,Prenom_440,Analyste,9,2022-03-30,2027-07-07,3779
441,Nom_441,Prenom_441,Developpeur,7,2022-07-03,,4768
442,Nom_442,Prenom_442,Manager,8,2022-09-08,,1710
443,Nom_443,Prenom_443,Developpeur,10,2019-05-08,,2796
444,Nom_444,Prenom_444,Developpeur,9,2019-01-18,,3929
445,Nom_445,Prenom_445,Finance,6,2023-12-22,,4557
446,Nom_446,Prenom_446,RH,4,2023-10-25,,1127
447,Nom_447,Prenom_447,RH,1,2020-07-19,,2599
448,Nom_448,Prenom_448,Manager,8,2020-07-23,,1114
449,Nom_449,Prenom_449,Manager,7,2022-09-08,,4345
450,Nom_450,Prenom_450,RH,2,2020-11-16,,1934
451,Nom_451,Prenom_451,Finance,8,2023-12-21,,3546
452,Nom_452,Prenom_452,RH,5,2020-09-17,,2320
453,Nom_453,Prenom_453,Finance,7,2022-08-04,,955
454,Nom_454,Prenom_454,Manager,4,2021-05-03,,2524
455,Nom_455,Prenom_455,Analyste,5,2023-08-14,,4143
456,Nom_456,Prenom_456,Manager,8,2021-08-19,,1686
457,Nom_457,Prenom_457,Manager,1,2023-07-21,2026-08-27,3873
458,Nom_458,Prenom_458,Developpeur,1,2019-06-04,,3605
459,Nom_459,Prenom_459,Developpeur,4,2020-05-04,,1521
460,Nom_460,Prenom_460,Developpeur,3,2022-11-10,,1712
461,Nom_461,Prenom_461,Developpeur,10,2021-02-23,,4157
462,Nom_462,Prenom_462,Finance,2,2022-02-01,2023-04-11,1670
463,Nom_463,Prenom_463,RH,3,2022-11-17,,4908
464,Nom_464,Prenom_464,Analyste,1,2019-09-03,,1297
465,Nom_465,Prenom_465,Manager,1,2022-04-14,2027-01-13,2556
466,Nom_466,Prenom_466,Finance,6,2021-11-28,,1917
467,Nom_467,Prenom_467,Analyste,5,2023-02-09,,4209
468,Nom_468,Prenom_468,Finance,8,2023-09-02,,3628
469,Nom_469,Prenom_469,Finance,2,2021-01-28,,2447
470,Nom_470,Prenom_470,Manager,4,2020-06-21,,3783
471,Nom_471,Prenom_471,RH,8,2021-07-09,,942
472,Nom_472,Prenom_472,Developpeur,6,2020-02-12,,3561
473,Nom_473,Prenom_473,RH,1,2020-06-08,2022-06-27,4235
474,Nom_474,Prenom_474,Manager,4,2021-04-07,,3231
475,Nom_475,Prenom_475,Manager,1,2023-03-10,,2648
476,Nom_476,Prenom_476,Manager,2,2021-06-21,2022-04-08,3496
477,Nom_477,Prenom_477,Analyste,5,2019-02-05,,2517
478,Nom_478,Prenom_478,RH,8,2020-11-15,,3872
479,Nom_479,Prenom_479,RH,8,2019-01-20,,1867
480,Nom_480,Prenom_480,Finance,3,2019-11-17,,3586
481,Nom_481,Prenom_481,Finance,4,2023-12-05,,4591
482,Nom_482,Prenom_482,Finance,10,2020-05-26,,2088
483,Nom_483,Prenom_483,Manager,6,2020-02-04,,4671
484,Nom_484,Prenom_484,RH,10,2020-10-15,,2606
485,Nom_485,Prenom_485,Manager,3,2021-08-29,,2304
486,Nom_486,Prenom_486,Analyste,2,2020-04-15,,4108
487,Nom_487,Prenom_487,Finance,6,2022-03-12,,3751
488,Nom_488,Prenom_488,Manager,5,2022-01-20,2025-03-29,871
489,Nom_489,Prenom_489,Manager,10,2022-10-09,2026-12-03,2490
490,Nom_490,Prenom_490,Analyste,5,2021-04-13,2024-07-03,2144
491,Nom_491,Prenom_491,Developpeur,10,2023-12-29,2025-09-29,4103
492,Nom_492,Prenom_492,RH,5,2020-12-27,,3913
493,Nom_493,Prenom_493,Developpeur,10,2021-05-03,2023-10-07,1682
494,Nom_494,Prenom_494,Finance,5,2019-02-20,,3462
495,Nom_495,Prenom_495,Manager,3,2023-08-16,,2304
496,Nom_496,Prenom_496,Analyste,7,2023-09-18,,3263
497,Nom_497,Prenom_497,Analyste,6,2020-07-28,,3353
498,Nom_498,Prenom_498,RH,4,2022-04-28,,1532
499,Nom_499,Prenom_499,Developpeur,2,2022-02-22,,2548
500,Nom_500,Prenom_500,RH,9,2019-05-30,2022-04-30,4724
501,Nom_501,Prenom_501,Manager,1,2019-11-10,,1223
502,Nom_502,Prenom_502,RH,4,2020-07-23,,4278
503,Nom_503,Prenom_503,Analyste,1,2022-09-27,,2391
504,Nom_504,Prenom_504,Analyste,6,2019-11-01,,1292
505,Nom_505,Prenom_505,Finance,4,2023-09-12,2028-04-03,991
506,Nom_506,Prenom_506,Finance,5,2020-11-12,,1298
507,Nom_507,Prenom_507,Manager,5,2021-04-17,,2056
508,Nom_508,Prenom_508,Developpeur,9,2023-12-12,,2768
509,Nom_509,Prenom_509,RH,1,2021-12-13,,2986
510,Nom_510,Prenom_510,Manager,2,2021-09-29,,1616
511,Nom_511,Prenom_511,Finance,6,2020-03-19,,4020
512,Nom_512,Prenom_512,RH,5,2020-09-04,2024-03-22,2273
513,Nom_513,Prenom_513,Finance,7,2021-09-19,,1886
514,Nom_514,Prenom_514,RH,3,2019-09-21,2023-02-27,4999
515,Nom_515,Prenom_515,Developpeur,3,2021-12-12,,2674
516,Nom_516,Prenom_516,Manager,10,2023-05-15,,1670
517,Nom_517,Prenom_517,RH,2,2021-09-30,,2842
518,Nom_518,Prenom_518,Analyste,3,2023-07-02,,1072
519,Nom_519,Prenom_519,Analyste,10,2019-01-05,,1829
520,Nom_520,Prenom_520,RH,1,2022-01-31,,4018
521,Nom_521,Prenom_521,RH,5,2022-05-04,,4869
522,Nom_522,Prenom_522,RH,5,2021-02-12,,1851
523,Nom_523,Prenom_523,Analyste,7,2021-05-26,,4833
524,Nom_524,Prenom_524,Analyste,4,2021-09-18,,2373
525,Nom_525,Prenom_525,RH,3,2021-06-02,,3990
526,Nom_526,Prenom_526,Finance,1,2022-10-05,,4597
527,Nom_527,Prenom_527,Finance,8,2019-02-16,2021-01-15,4089
528,Nom_528,Prenom_528,Developpeur,3,2021-05-16,,4547
529,Nom_529,Prenom_529,Manager,2,2021-04-02,,2905
530,Nom_530,Prenom_530,Finance,4,2021-07-24,,1107
531,Nom_531,Prenom_531,Analyste,3,2020-10-17,,4159
532,Nom_532,Prenom_532,Finance,1,2019-09-26,,3976
533,Nom_533,Prenom_533,Developpeur,3,2020-01-05,,2051
534,Nom_534,Prenom_534,Developpeur,2,2020-09-27,,3547
535,Nom_535,Prenom_535,Manager,8,2022-02-03,,2317
536,Nom_536,Prenom_536,Finance,6,2023-08-21,,2178
537,Nom_537,Prenom_537,Analyste,9,2023-08-10,,2761
538,Nom_538,Prenom_538,Analyste,8,2020-10-18,,3663
539,Nom_539,Prenom_539,RH,10,2019-04-30,,3456
540,Nom_540,Prenom_540,Analyste,3,2021-04-10,,3294
541,Nom_541,Prenom_541,Manager,5,2023-12-16,2026-09-02,4805
542,Nom_542,Prenom_542,Manager,7,2023-06-16,,4363
543,Nom_543,Prenom_543,Analyste,5,2021-12-17,,1722
544,Nom_544,Prenom_544,Analyste,8,2022-10-01,,3759
545,Nom_545,Prenom_545,RH,5,2021-01-10,,983
546,Nom_546,Prenom_546,Analyste,1,2023-02-06,,4158
547,Nom_547,Prenom_547,RH,5,2019-04-27,,2198
548,Nom_548,Prenom_548,RH,4,2021-03-01,,3596
549,Nom_549,Prenom_549,Analyste,6,2022-02-24,,1336
550,Nom_550,Prenom_550,Developpeur,3,2022-11-17,,2073
551,Nom_551,Prenom_551,Developpeur,5,2021-10-09,,3767
552,Nom_552,Prenom_552,RH,2,2023-07-23,,3849
553,Nom_553,Prenom_553,Analyste,6,2021-12-17,,1896
554,Nom_554,Prenom_554,Developpeur,6,2020-09-25,,2105
555,Nom_555,Prenom_555,Analyste,5,2020-05-27,,1715
556,Nom_556,Prenom_556,Analyste,6,2023-11-10,,3881
557,Nom_557,Prenom_557,Analyste,7,2021-03-12,,1828
558,Nom_558,Prenom_558,Finance,5,2022-01-24,,2777
559,Nom_559,Prenom_559,Analyste,1,2023-07-20,,4154
560,Nom_560,Prenom_560,Finance,8,2022-02-15,,3311
561,Nom_561,Prenom_561,RH,4,2020-07-13,,1070
562,Nom_562,Prenom_562,Developpeur,9,2023-06-13,,1986
563,Nom_563,Prenom_563,Developpeur,10,2020-05-02,,4564
564,Nom_564,Prenom_564,Developpeur,6,2022-06-14,2026-01-05,3198
565,Nom_565,Prenom_565,Developpeur,1,2021-06-15,,4982
566,Nom_566,Prenom_566,Developpeur,3,2022-07-19,2023-09-07,2511
567,Nom_567,Prenom_567,Developpeur,3,2022-04-27,,3030
568,Nom_568,Prenom_568,Developpeur,10,2020-12-04,,928
569,Nom_569,Prenom_569,RH,4,2023-01-10,,2069
570,Nom_570,Prenom_570,Analyste,6,2020-08-03,,4472
571,Nom_571,Prenom_571,Manager,7,2021-02-28,,2401
572,Nom_572,Prenom_572,Finance,10,2021-05-10,,4770
573,Nom_573,Prenom_573,Manager,4,2019-09-04,,1427
574,Nom_574,Prenom_574,Manager,6,2022-01-04,,4597
575,Nom_575,Prenom_575,Analyste,1,2019-06-03,,2844
576,Nom_576,Prenom_576,Analyste,8,2023-08-07,,4352
577,Nom_577,Prenom_577,Analyste,7,2022-12-29,,3141
578,Nom_578,Prenom_578,Developpeur,9,2021-09-23,,4014
579,Nom_579,Prenom_579,RH,3,2022-01-14,,1049
580,Nom_580,Prenom_580,Developpeur,2,2020-11-27,,3725
581,Nom_581,Prenom_581,RH,1,2022-08-01,,1774
582,Nom_582,Prenom_582,RH,3,2022-05-28,,2125
583,Nom_583,Prenom_583,Manager,5,2021-12-28,,1783
584,Nom_584,Prenom_584,Manager,2,2021-12-06,,1688
585,Nom_585,Prenom_585,RH,3,2021-10-05,2026-01-29,3737
586,Nom_586,Prenom_586,RH,4,2019-04-04,,2917
587,Nom_587,Prenom_587,Developpeur,7,2023-11-09,2028-09-27,3472
588,Nom_588,Prenom_588,Developpeur,3,2021-08-15,,2126
589,Nom_589,Prenom_589,Manager,9,2021-10-08,,1270
590,Nom_590,Prenom_590,Analyste,8,2020-03-28,,2787
591,Nom_591,Prenom_591,RH,4,2022-05-12,,890
592,Nom_592,Prenom_592,Developpeur,1,2021-06-30,,1329
593,Nom_593,Prenom_593,Manager,1,2019-08-06,,4859
594,Nom_594,Prenom_594,Developpeur,1,2020-04-18,,3573
595,Nom_595,Prenom_595,RH,1,2020-03-07,,2486
596,Nom_596,Prenom_596,RH,8,2019-12-07,,991
597,Nom_597,Prenom_597,Finance,3,2020-07-04,,2786
598,Nom_598,Prenom_598,Analyste,6,2023-06-24,,4423
599,Nom_599,Prenom_599,Finance,3,2022-08-05,,2985
600,Nom_600,Prenom_600,Manager,5,2022-07-01,2025-07-11,1808
601,Nom_601,Prenom_601,Developpeur,7,2023-10-24,,4583
602,Nom_602,Prenom_602,Manager,2,2019-12-23,,2852
603,Nom_603,Prenom_603,RH,6,2019-01-23,,4108
604,Nom_604,Prenom_604,Finance,6,2023-11-21,,2516
605,Nom_605,Prenom_605,Finance,3,2020-06-05,,1110
606,Nom_606,Prenom_606,Finance,6,2023-11-17,2025-11-22,2060
607,Nom_607,Prenom_607,Manager,10,2022-01-28,2024-05-05,4732
608,Nom_608,Prenom_608,RH,10,2021-03-12,,4068
609,Nom_609,Prenom_609,Developpeur,5,2022-04-18,,1384
610,Nom_610,Prenom_610,Developpeur,2,2022-05-31,,3599
611,Nom_611,Prenom_611,Manager,9,2021-01-31,,1159
612,Nom_612,Prenom_612,Finance,8,2023-08-10,,3666
613,Nom_613,Prenom_613,Analyste,3,2020-03-17,2021-05-04,2811
614,Nom_614,Prenom_614,Manager,8,2023-06-20,2026-11-06,4806
615,Nom_615,Prenom_615,Manager,9,2021-02-07,,2425
616,Nom_616,Prenom_616,RH,3,2021-10-12,,3564
617,Nom_617,Prenom_617,Developpeur,3,2022-09-10,,1690
618,Nom_618,Prenom_618,Manager,2,2020-05-30,,1531
619,Nom_619,Prenom_619,Manager,8,2021-11-05,,4761
620,Nom_620,Prenom_620,Finance,10,2021-03-02,,3304
621,Nom_621,Prenom_621,Finance,1,2019-12-02,,1414
622,Nom_622,Prenom_622,Analyste,8,2023-11-18,,4606
623,Nom_623,Prenom_623,RH,7,2019-09-15,2023-10-16,2519
624,Nom_624,Prenom_624,Analyste,7,2020-05-11,,2387
625,Nom_625,Prenom_625,Finance,3,2021-06-14,,2411
626,Nom_626,Prenom_626,Developpeur,1,2019-06-09,,1696
627,Nom_627,Prenom_627,Finance,4,2023-02-07,,1077
628,Nom_628,Prenom_628,RH,9,2021-05-01,,2436
629,Nom_629,Prenom_629,Finance,5,2023-08-15,2028-08-29,2958
630,Nom_630,Prenom_630,RH,1,2020-11-20,,3232
631,Nom_631,Prenom_631,RH,5,2023-08-26,,4704
632,Nom_632,Prenom_632,RH,8,2020-01-15,,4062
633,Nom_633,Prenom_633,RH,8,2023-04-18,,2249
634,Nom_634,Prenom_634,RH,5,2021-08-14,,2032
635,Nom_635,Prenom_635,Developpeur,9,2020-11-21,,4917
636,Nom_636,Prenom_636,Analyste,1,2022-12-21,,1477
637,Nom_637,Prenom_637,Manager,4,2023-06-25,,3458
638,Nom_638,Prenom_638,Analyste,3,2022-07-15,2024-08-11,2828
639,Nom_639,Prenom_639,RH,2,2023-05-20,,4558
640,Nom_640,Prenom_640,Developpeur,8,2022-12-11,,2837
641,Nom_641,Prenom_641,Finance,7,2022-04-06,,3449
642,Nom_642,Prenom_642,Developpeur,9,2021-12-02,,1456
643,Nom_643,Prenom_643,RH,2,2023-04-29,,965
644,Nom_644,Prenom_644,Developpeur,4,2019-10-12,,1389
645,Nom_645,Prenom_645,Developpeur,6,2020-02-01,,3621
646,Nom_646,Prenom_646,RH,3,2019-01-12,,2062
647,Nom_647,Prenom_647,Developpeur,8,2023-06-19,,871
648,Nom_648,Prenom_648,Manager,3,2022-08-18,,4316
649,Nom_649,Prenom_649,Manager,2,2022-06-30,,4380
650,Nom_650,Prenom_650,Developpeur,3,2020-05-13,,1068
651,Nom_651,Prenom_651,Finance,6,2021-01-23,,2576
652,Nom_652,Prenom_652,RH,2,2019-02-04,,3262
653,Nom_653,Prenom_653,Manager,8,2020-12-27,,2068
654,Nom_654,Prenom_654,Finance,1,2021-04-28,,1815
655,Nom_655,Prenom_655,Developpeur,7,2019-03-31,,3522
656,Nom_656,Prenom_656,Finance,2,2021-02-14,,1883
657,Nom_657,Prenom_657,Analyste,10,2020-08-27,,4901
658,Nom_658,Prenom_658,Manager,6,2021-08-27,,1206
659,Nom_659,Prenom_659,Developpeur,2,2023-06-14,,3876
660,Nom_660,Prenom_660,RH,2,2021-10-18,,1785
661,Nom_661,Prenom_661,Developpeur,10,2020-02-22,,4403
662,Nom_662,Prenom_662,RH,8,2019-04-25,2021-04-15,1509
663,Nom_663,Prenom_663,Developpeur,2,2020-09-08,,3418
664,Nom_664,Prenom_664,Finance,7,2022-05-04,,2211
665,Nom_665,Prenom_665,Finance,3,2021-04-05,,2285
666,Nom_666,Prenom_666,Finance,8,2023-03-05,,3750
667,Nom_667,Prenom_667,Analyste,7,2023-07-08,,3734
668,Nom_668,Prenom_668,RH,8,2023-02-25,,4914
669,Nom_669,Prenom_669,Finance,7,2022-01-03,2022-10-23,1803
670,Nom_670,Prenom_670,Analyste,6,2020-02-17,,3266
671,Nom_671,Prenom_671,RH,7,2022-10-31,,3266
672,Nom_672,Prenom_672,Developpeur,5,2022-12-14,2024-01-01,2738
673,Nom_673,Prenom_673,Analyste,7,2020-12-29,2024-05-14,2739
674,Nom_674,Prenom_674,Manager,1,2022-07-24,,2435
675,Nom_675,Prenom_675,Analyste,1,2021-10-17,2024-01-17,2498
676,Nom_676,Prenom_676,Analyste,9,2021-01-30,,2891
677,Nom_677,Prenom_677,RH,5,2020-11-06,2022-08-21,2695
678,Nom_678,Prenom_678,Developpeur,5,2022-11-18,,4198
679,Nom_679,Prenom_679,Manager,3,2020-04-01,,1873
680,Nom_680,Prenom_680,Finance,5,2021-07-08,,3202
681,Nom_681,Prenom_681,Finance,3,2019-07-11,,4012
682,Nom_682,Prenom_682,Analyste,9,2021-01-08,,4837
683,Nom_683,Prenom_683,RH,9,2023-09-09,,1951
684,Nom_684,Prenom_684,RH,6,2022-01-27,,3245
685,Nom_685,Prenom_685,Finance,1,2023-04-21,,2756
686,Nom_686,Prenom_686,Manager,7,2021-09-04,,4707
687,Nom_687,Prenom_687,Developpeur,7,2021-10-05,,1607
688,Nom_688,Prenom_688,Manager,10,2019-04-06,,986
689,Nom_689,Prenom_689,Developpeur,10,2023-08-15,,2107
690,Nom_690,Prenom_690,Finance,4,2020-10-24,2023-03-19,3084
691,Nom_691,Prenom_691,Developpeur,8,2022-04-28,,1557
692,Nom_692,Prenom_692,RH,6,2023-10-26,2024-12-31,4654
693,Nom_693,Prenom_693,Analyste,4,2019-02-06,,3006
694,Nom_694,Prenom_694,Analyste,4,2023-12-09,,4358
695,Nom_695,Prenom_695,Finance,2,2022-10-24,,2380
696,Nom_696,Prenom_696,RH,2,2023-09-15,2026-09-03,1761
697,Nom_697,Prenom_697,Manager,4,2023-03-29,,4647
698,Nom_698,Prenom_698,RH,5,2019-10-06,,4375
699,Nom_699,Prenom_699,Analyste,8,2019-08-05,,1675
700,Nom_700,Prenom_700,Analyste,6,2021-05-16,,3218
701,Nom_701,Prenom_701,RH,4,2021-05-22,,4998
702,Nom_702,Prenom_702,RH,7,2023-12-27,,1801
703,Nom_703,Prenom_703,Analyste,8,2022-07-20,,4184
704,Nom_704,Prenom_704,Manager,2,2019-03-03,,4866
705,Nom_705,Prenom_705,Finance,7,2020-08-18,,3645
706,Nom_706,Prenom_706,Finance,2,2020-12-29,,2281
707,Nom_707,Prenom_707,RH,2,2022-09-27,2024-04-14,4101
708,Nom_708,Prenom_708,Finance,8,2020-02-01,,1457
709,Nom_709,Prenom_709,Analyste,2,2020-11-29,,3580
710,Nom_710,Prenom_710,Analyste,9,2021-11-08,,1222
711,Nom_711,Prenom_711,RH,1,2019-06-26,2020-02-22,4481
712,Nom_712,Prenom_712,RH,9,2023-06-24,,3510
713,Nom_713,Prenom_713,RH,1,2020-01-31,2021-12-25,1252
714,Nom_714,Prenom_714,Manager,10,2020-03-20,,3197
715,Nom_715,Prenom_715,Finance,10,2022-06-10,,2775
716,Nom_716,Prenom_716,RH,2,2019-03-17,,2457
717,Nom_717,Prenom_717,Developpeur,6,2019-09-22,,3341
718,Nom_718,Prenom_718,Developpeur,6,2020-03-30,,3875
719,Nom_719,Prenom_719,Analyste,1,2023-12-25,,3964
720,Nom_720,Prenom_720,Finance,7,2020-12-18,,3766
721,Nom_721,Prenom_721,RH,8,2021-01-04,2022-09-05,2853
722,Nom_722,Prenom_722,Developpeur,2,2022-11-08,,1087
723,Nom_723,Prenom_723,Finance,8,2023-05-07,,4017
724,Nom_724,Prenom_724,Analyste,9,2021-04-30,,4654
725,Nom_725,Prenom_725,Manager,6,2023-03-10,,2247
726,Nom_726,Prenom_726,Finance,5,2022-10-22,,1407
727,Nom_727,Prenom_727,Finance,9,2019-05-24,,2564
728,Nom_728,Prenom_728,Manager,9,2021-06-03,,2025
729,Nom_729,Prenom_729,Finance,1,2021-12-28,,2035
730,Nom_730,Prenom_730,Analyste,3,2022-01-27,,1829
731,Nom_731,Prenom_731,Analyste,9,2020-01-31,,3471
732,Nom_732,Prenom_732,Manager,2,2021-11-14,,4762
733,Nom_733,Prenom_733,RH,4,2021-08-05,,3977
734,Nom_734,Prenom_734,Developpeur,4,2021-06-09,,4522
735,Nom_735,Prenom_735,RH,2,2023-02-01,,2275
736,Nom_736,Prenom_736,Finance,3,2023-02-16,2025-03-16,3696
737,Nom_737,Prenom_737,Developpeur,3,2023-05-08,,1608
738,Nom_738,Prenom_738,Manager,1,2022-03-20,,1778
739,Nom_739,Prenom_739,Manager,6,2022-03-13,2026-12-17,3263
740,Nom_740,Prenom_740,Developpeur,8,2020-07-22,,1525
741,Nom_741,Prenom_741,Analyste,3,2021-11-28,,3301
742,Nom_742,Prenom_742,Developpeur,5,2019-04-19,2024-06-25,4162
743,Nom_743,Prenom_743,Finance,1,2023-09-13,2027-05-19,2016
744,Nom_744,Prenom_744,Analyste,10,2021-12-01,,4851
745,Nom_745,Prenom_745,Manager,7,2022-04-24,2024-11-01,2997
746,Nom_746,Prenom_746,Developpeur,10,2021-07-23,,3606
747,Nom_747,Prenom_747,RH,1,2020-02-02,,1578
748,Nom_748,Prenom_748,RH,9,2022-05-31,,1772
749,Nom_749,Prenom_749,Finance,8,2020-09-25,,3610
750,Nom_750,Prenom_750,RH,7,2022-03-02,,2923
751,Nom_751,Prenom_751,Developpeur,10,2022-04-01,,1398
752,Nom_752,Prenom_752,Developpeur,7,2022-05-23,,4141
753,Nom_753,Prenom_753,RH,5,2021-01-02,,1024
754,Nom_754,Prenom_754,Developpeur,5,2019-08-23,,1640
755,Nom_755,Prenom_755,Finance,5,2020-10-19,,2614
756,Nom_756,Prenom_756,Analyste,1,2021-01-20,,1906
757,Nom_757,Prenom_757,Finance,8,2020-08-10,,924
758,Nom_758,Prenom_758,Finance,1,2021-10-29,,4046
759,Nom_759,Prenom_759,Developpeur,4,2022-01-02,,3731
760,Nom_760,Prenom_760,Analyste,9,2021-08-11,,4925
761,Nom_761,Prenom_761,Developpeur,9,2020-05-06,,3771
762,Nom_762,Prenom_762,Manager,5,2021-07-01,,2817
763,Nom_763,Prenom_763,Developpeur,4,2022-06-30,,3215
764,Nom_764,Prenom_764,Developpeur,3,2022-06-07,,3896
765,Nom_765,Prenom_765,Developpeur,3,2023-03-23,,2409
766,Nom_766,Prenom_766,Analyste,5,2022-04-12,,1517
767,Nom_767,Prenom_767,Developpeur,10,2023-08-04,2027-09-15,4361
768,Nom_768,Prenom_768,Analyste,1,2022-04-06,,1816
769,Nom_769,Prenom_769,RH,5,2019-06-19,,4365
770,Nom_770,Prenom_770,Manager,6,2022-11-17,,2760
771,Nom_771,Prenom_771,Analyste,7,2021-08-03,,1848
772,Nom_772,Prenom_772,RH,9,2021-03-05,,2157
773,Nom_773,Prenom_773,Analyste,3,2020-09-25,,4226
774,Nom_774,Prenom_774,Analyste,2,2022-05-02,,915
775,Nom_775,Prenom_775,Manager,3,2023-03-21,,2895
776,Nom_776,Prenom_776,Finance,9,2019-01-29,,2601
777,Nom_777,Prenom_777,Finance,7,2022-04-03,,2946
778,Nom_778,Prenom_778,Analyste,9,2022-12-16,,2420
779,Nom_779,Prenom_779,Developpeur,2,2019-12-05,2022-04-07,3750
780,Nom_780,Prenom_780,RH,5,2023-07-30,,4592
781,Nom_781,Prenom_781,Developpeur,4,2023-02-28,,3741
782,Nom_782,Prenom_782,Developpeur,2,2022-10-20,2024-02-22,1777
783,Nom_783,Prenom_783,Analyste,9,2022-09-27,,3866
784,Nom_784,Prenom_784,Analyste,9,2020-05-14,,1583
785,Nom_785,Prenom_785,Analyste,6,2023-08-08,2025-05-19,1040
786,Nom_786,Prenom_786,Analyste,6,2020-05-25,,2353
787,Nom_787,Prenom_787,Finance,8,2022-09-12,,1812
788,Nom_788,Prenom_788,Analyste,6,2019-08-05,,986
789,Nom_789,Prenom_789,Finance,1,2022-08-17,,2681
790,Nom_790,Prenom_790,Finance,4,2022-03-01,,1230
791,Nom_791,Prenom_791,Analyste,7,2021-12-29,,1038
792,Nom_792,Prenom_792,Manager,2,2022-06-29,,3145
793,Nom_793,Prenom_793,RH,9,2022-12-09,,875
794,Nom_794,Prenom_794,Developpeur,8,2023-12-16,,2156
795,Nom_795,Prenom_795,Finance,8,2020-03-20,,3130
796,Nom_796,Prenom_796,RH,7,2021-05-25,,2702
797,Nom_797,Prenom_797,Manager,4,2022-04-20,,4813
798,Nom_798,Prenom_798,Developpeur,2,2019-06-16,,2859
799,Nom_799,Prenom_799,Developpeur,3,2019-04-01,,940
800,Nom_800,Prenom_800,Finance,6,2020-12-14,,2589
801,Nom_801,Prenom_801,Analyste,5,2023-04-04,,4426
802,Nom_802,Prenom_802,Manager,8,2019-02-08,,816
803,Nom_803,Prenom_803,Finance,6,2022-02-23,,1264
804,Nom_804,Prenom_804,Manager,6,2023-01-14,,2627
805,Nom_805,Prenom_805,Analyste,1,2019-06-22,,3828
806,Nom_806,Prenom_806,Analyste,4,2020-10-14,,1319
807,Nom_807,Prenom_807,Finance,5,2021-01-23,2025-06-07,889
808,Nom_808,Prenom_808,Analyste,3,2022-05-28,,3651
809,Nom_809,Prenom_809,RH,9,2023-07-20,,3643
810,Nom_810,Prenom_810,Developpeur,1,2021-12-17,,2684
811,Nom_811,Prenom_811,Finance,6,2023-08-11,,4971
812,Nom_812,Prenom_812,Manager,6,2020-04-20,,1725
813,Nom_813,Prenom_813,RH,10,2020-03-31,,4534
814,Nom_814,Prenom_814,Finance,5,2021-04-08,,1769
815,Nom_815,Prenom_815,Analyste,5,2021-06-13,,1894
816,Nom_816,Prenom_816,Analyste,10,2022-10-16,,3995
817,Nom_817,Prenom_817,Analyste,5,2021-10-21,,2204
818,Nom_818,Prenom_818,Analyste,6,2020-01-22,,4164
819,Nom_819,Prenom_819,Manager,8,2019-12-14,,4782
820,Nom_820,Prenom_820,RH,2,2019-07-09,,4813
821,Nom_821,Prenom_821,Developpeur,6,2020-05-19,,3892
822,Nom_822,Prenom_822,Manager,1,2022-04-29,,4959
823,Nom_823,Prenom_823,Manager,4,2023-03-12,,2874
824,Nom_824,Prenom_824,Developpeur,10,2022-10-24,,1084
825,Nom_825,Prenom_825,Developpeur,3,2022-12-03,,1987
826,Nom_826,Prenom_826,Analyste,9,2021-04-03,,4769
827,Nom_827,Prenom_827,Manager,3,2021-07-17,2026-08-05,3765
828,Nom_828,Prenom_828,Finance,6,2021-07-22,2026-01-25,1583
829,Nom_829,Prenom_829,Developpeur,1,2022-02-14,,1749
830,Nom_830,Prenom_830,Developpeur,6,2019-05-14,,4739
831,Nom_831,Prenom_831,RH,4,2019-02-27,,844
832,Nom_832,Prenom_832,Finance,8,2023-04-29,,2610
833,Nom_833,Prenom_833,Finance,9,2020-11-15,,2881
834,Nom_834,Prenom_834,Developpeur,4,2020-11-02,2026-03-17,4298
835,Nom_835,Prenom_835,Analyste,10,2019-06-22,,1629
836,Nom_836,Prenom_836,RH,10,2021-03-25,,2709
837,Nom_837,Prenom_837,Finance,6,2022-03-18,,3381
838,Nom_838,Prenom_838,Developpeur,1,2019-03-21,,1491
839,Nom_839,Prenom_839,Finance,4,2021-06-04,,4819
840,Nom_840,Prenom_840,RH,7,2022-05-21,,1731
841,Nom_841,Prenom_841,RH,1,2019-07-22,,4206
842,Nom_842,Prenom_842,Manager,8,2021-02-02,,947
843,Nom_843,Prenom_843,Developpeur,10,2022-06-06,,1832
844,Nom_844,Prenom_844,RH,6,2023-08-27,,2111
845,Nom_845,Prenom_845,Manager,5,2022-06-04,2025-02-16,1187
846,Nom_846,Prenom_846,Manager,10,2023-08-10,,3921
847,Nom_847,Prenom_847,Finance,9,2023-04-05,,2673
848,Nom_848,Prenom_848,Finance,2,2023-01-04,,4388
849,Nom_849,Prenom_849,Manager,5,2022-11-26,,1715
850,Nom_850,Prenom_850,Finance,6,2019-02-16,,2678
851,Nom_851,Prenom_851,RH,7,2022-06-10,,4548
852,Nom_852,Prenom_852,Analyste,5,2022-08-21,,1077
853,Nom_853,Prenom_853,RH,9,2023-03-30,,2777
854,Nom_854,Prenom_854,Manager,1,2022-03-12,,2659
855,Nom_855,Prenom_855,Manager,7,2022-12-09,,3836
856,Nom_856,Prenom_856,RH,10,2023-03-17,,4171
857,Nom_857,Prenom_857,Finance,7,2022-10-28,,2982
858,Nom_858,Prenom_858,Finance,4,2023-05-09,,1970
859,Nom_859,Prenom_859,Manager,9,2022-07-06,,1289
860,Nom_860,Prenom_860,Developpeur,5,2020-10-17,,3325
861,Nom_861,Prenom_861,Finance,4,2020-04-15,2021-04-01,1982
862,Nom_862,Prenom_862,RH,7,2021-08-28,,3288
863,Nom_863,Prenom_863,Finance,4,2021-11-01,,2676
864,Nom_864,Prenom_864,RH,3,2022-09-15,,3262
865,Nom_865,Prenom_865,Manager,9,2021-01-05,,2430
866,Nom_866,Prenom_866,Finance,8,2021-02-22,,1087
867,Nom_867,Prenom_867,RH,1,2021-08-25,,2707
868,Nom_868,Prenom_868,Manager,7,2019-12-24,,1961
869,Nom_869,Prenom_869,Developpeur,9,2021-08-29,,929
870,Nom_870,Prenom_870,RH,8,2022-12-02,2024-12-26,3163
871,Nom_871,Prenom_871,Developpeur,8,2020-10-29,,943
872,Nom_872,Prenom_872,Developpeur,6,2020-01-08,2020-08-05,815
873,Nom_873,Prenom_873,Analyste,4,2021-10-28,,1044
874,Nom_874,Prenom_874,Finance,8,2022-02-19,,1726
875,Nom_875,Prenom_875,RH,3,2022-10-03,,3978
876,Nom_876,Prenom_876,Developpeur,9,2020-11-06,,2976
877,Nom_877,Prenom_877,Analyste,2,2019-03-31,2019-11-12,1686
878,Nom_878,Prenom_878,Manager,2,2023-07-30,,1140
879,Nom_879,Prenom_879,RH,7,2020-11-28,,2851
880,Nom_880,Prenom_880,Developpeur,10,2022-09-01,,4198
881,Nom_881,Prenom_881,Finance,4,2022-04-16,,4750
882,Nom_882,Prenom_882,Analyste,10,2020-06-23,,1105
883,Nom_883,Prenom_883,Developpeur,8,2021-01-01,,1707
884,Nom_884,Prenom_884,Finance,9,2021-05-18,,3454
885,Nom_885,Prenom_885,Developpeur,7,2019-02-10,,4592
886,Nom_886,Prenom_886,RH,5,2021-01-09,,4842
887,Nom_887,Prenom_887,RH,8,2023-09-24,,2171
888,Nom_888,Prenom_888,RH,4,2020-05-16,,1120
889,Nom_889,Prenom_889,Analyste,2,2021-08-16,,4859
890,Nom_890,Prenom_890,RH,6,2022-03-14,,1931
891,Nom_891,Prenom_891,Finance,9,2022-05-09,,3378
892,Nom_892,Prenom_892,Developpeur,1,2021-07-17,,4842
893,Nom_893,Prenom_893,Manager,10,2023-10-14,,4167
894,Nom_894,Prenom_894,Finance,7,2020-04-05,,1617
895,Nom_895,Prenom_895,Finance,10,2021-01-01,,811
896,Nom_896,Prenom_896,RH,9,2021-01-21,2021-11-26,994
897,Nom_897,Prenom_897,Analyste,10,2021-07-13,,3337
898,Nom_898,Prenom_898,Developpeur,9,2021-06-27,2022-12-10,3642
899,Nom_899,Prenom_899,Analyste,10,2023-05-01,,3029
900,Nom_900,Prenom_900,Developpeur,3,2023-04-20,,3809
901,Nom_901,Prenom_901,Developpeur,5,2022-06-30,,2877
902,Nom_902,Prenom_902,Analyste,8,2020-01-25,,4667
903,Nom_903,Prenom_903,Finance,8,2023-06-06,,1243
904,Nom_904,Prenom_904,Developpeur,4,2021-06-01,2024-08-01,1097
905,Nom_905,Prenom_905,Analyste,1,2019-09-13,,1644
906,Nom_906,Prenom_906,Developpeur,1,2020-12-09,,1815
907,Nom_907,Prenom_907,Manager,4,2020-03-25,,2184
908,Nom_908,Prenom_908,Finance,6,2019-01-10,,2197
909,Nom_909,Prenom_909,RH,8,2021-04-03,,1353
910,Nom_910,Prenom_910,Developpeur,6,2021-03-08,,3150
911,Nom_911,Prenom_911,Manager,9,2022-06-19,2027-06-18,2069
912,Nom_912,Prenom_912,RH,9,2022-06-28,,2060
913,Nom_913,Prenom_913,RH,2,2021-05-26,,984
914,Nom_914,Prenom_914,Developpeur,10,2021-10-25,,3210
915,Nom_915,Prenom_915,Analyste,1,2022-02-16,,3009
916,Nom_916,Prenom_916,Developpeur,2,2021-10-12,,4472
917,Nom_917,Prenom_917,Manager,5,2023-12-30,,2681
918,Nom_918,Prenom_918,RH,4,2020-01-09,,1321
919,Nom_919,Prenom_919,Developpeur,4,2021-12-24,,2687
920,Nom_920,Prenom_920,Analyste,9,2019-05-26,,3352
921,Nom_921,Prenom_921,Developpeur,8,2019-08-12,,4609
922,Nom_922,Prenom_922,Finance,6,2022-06-16,,4955
923,Nom_923,Prenom_923,Analyste,1,2019-06-26,,4279
924,Nom_924,Prenom_924,Manager,2,2023-12-08,,2209
925,Nom_925,Prenom_925,RH,6,2021-05-02,,2494
926,Nom_926,Prenom_926,Developpeur,2,2022-07-29,,1326
927,Nom_927,Prenom_927,Analyste,10,2019-03-04,,3460
928,Nom_928,Prenom_928,Finance,5,2022-05-25,,2972
929,Nom_929,Prenom_929,Analyste,5,2021-04-06,,1079
930,Nom_930,Prenom_930,Finance,6,2021-03-05,,3764
931,Nom_931,Prenom_931,Manager,6,2020-11-19,,4777
932,Nom_932,Prenom_932,RH,6,2023-01-24,,3469
933,Nom_933,Prenom_933,Manager,2,2023-06-22,2028-05-10,3693
934,Nom_934,Prenom_934,Developpeur,10,2019-04-15,,2551
935,Nom_935,Prenom_935,Analyste,3,2022-01-27,,4781
936,Nom_936,Prenom_936,Finance,6,2020-05-25,,3161
937,Nom_937,Prenom_937,Finance,8,2020-01-20,,4931
938,Nom_938,Prenom_938,Analyste,1,2020-02-09,,2508
939,Nom_939,Prenom_939,Analyste,1,2021-04-02,,3486
940,Nom_940,Prenom_940,Developpeur,2,2020-06-01,,3695
941,Nom_941,Prenom_941,Manager,6,2020-04-20,,3576
942,Nom_942,Prenom_942,Finance,9,2020-12-09,2021-08-03,1919
943,Nom_943,Prenom_943,Developpeur,4,2023-07-27,,3788
944,Nom_944,Prenom_944,Manager,3,2021-02-09,,994
945,Nom_945,Prenom_945,Developpeur,8,2022-12-31,,1462
946,Nom_946,Prenom_946,Finance,10,2021-11-12,2025-06-13,1279
947,Nom_947,Prenom_947,Analyste,9,2021-09-23,,2223
948,Nom_948,Prenom_948,Analyste,5,2023-05-08,,3508
949,Nom_949,Prenom_949,Manager,9,2020-11-07,,3975
950,Nom_950,Prenom_950,RH,2,2020-12-14,,4614
951,Nom_951,Prenom_951,Manager,3,2023-01-21,,2814
952,Nom_952,Prenom_952,RH,7,2019-03-24,,4589
953,Nom_953,Prenom_953,Developpeur,7,2022-03-14,,3243
954,Nom_954,Prenom_954,Developpeur,6,2022-01-13,,1711
955,Nom_955,Prenom_955,Finance,6,2022-01-06,,4013
956,Nom_956,Prenom_956,RH,2,2020-04-01,,3164
957,Nom_957,Prenom_957,Finance,10,2019-01-01,2021-09-18,4429
958,Nom_958,Prenom_958,Analyste,6,2019-02-20,,4272
959,Nom_959,Prenom_959,RH,4,2020-11-15,2025-01-26,1480
960,Nom_960,Prenom_960,Manager,3,2020-12-17,,1409
961,Nom_961,Prenom_961,Analyste,2,2023-12-01,,2956
962,Nom_962,Prenom_962,Analyste,1,2023-01-09,,4666
963,Nom_963,Prenom_963,Manager,5,2020-03-24,,1171
964,Nom_964,Prenom_964,Analyste,2,2021-05-30,,1415
965,Nom_965,Prenom_965,RH,2,2020-05-02,,3053
966,Nom_966,Prenom_966,Finance,7,2023-12-29,,4938
967,Nom_967,Prenom_967,Analyste,8,2019-02-03,2021-09-07,1664
968,Nom_968,Prenom_968,RH,10,2022-10-03,,2068
969,Nom_969,Prenom_969,Developpeur,8,2019-04-05,,1584
970,Nom_970,Prenom_970,RH,4,2021-12-31,2024-05-11,4978
971,Nom_971,Prenom_971,Finance,1,2023-04-24,,3037
972,Nom_972,Prenom_972,RH,7,2019-06-03,,4854
973,Nom_973,Prenom_973,Manager,1,2019-09-07,,1735
974,Nom_974,Prenom_974,Finance,4,2020-11-04,,4780
975,Nom_975,Prenom_975,Developpeur,8,2020-03-13,,3138
976,Nom_976,Prenom_976,Manager,2,2019-04-28,2023-08-31,1125
977,Nom_977,Prenom_977,RH,6,2021-02-09,,2334
978,Nom_978,Prenom_978,Finance,6,2022-08-22,2026-05-18,4280
979,Nom_979,Prenom_979,Developpeur,9,2019-09-25,,4661
980,Nom_980,Prenom_980,Manager,5,2021-12-13,,2785
981,Nom_981,Prenom_981,Developpeur,10,2019-08-24,,3578
982,Nom_982,Prenom_982,RH,4,2020-01-24,,2070
983,Nom_983,Prenom_983,Developpeur,5,2021-09-16,,1440
984,Nom_984,Prenom_984,Analyste,10,2023-10-24,,4878
985,Nom_985,Prenom_985,Manager,5,2021-02-01,,2167
986,Nom_986,Prenom_986,Developpeur,8,2020-02-05,,4842
987,Nom_987,Prenom_987,RH,10,2020-09-15,,3375
988,Nom_988,Prenom_988,RH,8,2021-02-05,,4403
989,Nom_989,Prenom_989,Developpeur,2,2022-08-19,,2381
990,Nom_990,Prenom_990,RH,7,2021-07-07,,2786
991,Nom_991,Prenom_991,Finance,8,2022-05-15,,3040
992,Nom_992,Prenom_992,Finance,6,2022-06-06,2025-08-25,4766
993,Nom_993,Prenom_993,Finance,5,2021-05-02,,2905
994,Nom_994,Prenom_994,Analyste,9,2020-07-31,2021-11-08,928
995,Nom_995,Prenom_995,Developpeur,3,2019-03-16,,4796
996,Nom_996,Prenom_996,Analyste,10,2020-03-10,,1651
997,Nom_997,Prenom_997,RH,4,2019-04-13,,4903
998,Nom_998,Prenom_998,Analyste,9,2022-12-16,,2876
999,Nom_999,Prenom_999,RH,6,2023-09-24,,3794
1000,Nom_1000,Prenom_1000,RH,8,2021-02-02,,4544
1001,Nom_1001,Prenom_1001,Manager,7,2021-01-07,2024-07-04,3556
1002,Nom_1002,Prenom_1002,Finance,2,2021-03-16,,2444
1003,Nom_1003,Prenom_1003,RH,3,2022-08-22,,3944
1004,Nom_1004,Prenom_1004,Manager,1,2019-04-08,,1042
1005,Nom_1005,Prenom_1005,Finance,9,2021-03-08,,4885
1006,Nom_1006,Prenom_1006,RH,7,2022-09-20,,970
1007,Nom_1007,Prenom_1007,RH,1,2021-05-08,2026-09-29,1452
1008,Nom_1008,Prenom_1008,Analyste,3,2020-03-10,,4312
1009,Nom_1009,Prenom_1009,Analyste,4,2020-03-22,,2299
1010,Nom_1010,Prenom_1010,Finance,4,2022-08-24,,2899
1011,Nom_1011,Prenom_1011,RH,5,2019-09-06,,2958
1012,Nom_1012,Prenom_1012,Developpeur,3,2019-06-15,,2772
1013,Nom_1013,Prenom_1013,Analyste,3,2023-02-13,2027-08-28,4725
1014,Nom_1014,Prenom_1014,Finance,1,2021-09-10,,3058
1015,Nom_1015,Prenom_1015,RH,7,2022-09-20,2025-08-20,4839
1016,Nom_1016,Prenom_1016,RH,10,2021-10-16,,2835
1017,Nom_1017,Prenom_1017,Developpeur,1,2020-06-25,,4071
1018,Nom_1018,Prenom_1018,Finance,2,2021-01-28,,1657
1019,Nom_1019,Prenom_1019,RH,4,2022-02-03,,4623
1020,Nom_1020,Prenom_1020,Analyste,4,2023-05-06,2028-03-10,1849
1021,Nom_1021,Prenom_1021,Developpeur,5,2019-03-22,,4790
1022,Nom_1022,Prenom_1022,Finance,2,2019-05-13,2020-12-09,1098
1023,Nom_1023,Prenom_1023,Developpeur,4,2021-03-07,,1723
1024,Nom_1024,Prenom_1024,Analyste,1,2021-06-18,,3599
1025,Nom_1025,Prenom_1025,Finance,2,2019-05-18,,4862
1026,Nom_1026,Prenom_1026,Developpeur,1,2019-07-03,,4845
1027,Nom_1027,Prenom_1027,Manager,10,2022-11-25,2027-08-09,2602
1028,Nom_1028,Prenom_1028,Analyste,10,2022-09-15,,3513
1029,Nom_1029,Prenom_1029,Analyste,4,2021-02-23,,3653
1030,Nom_1030,Prenom_1030,Analyste,4,2023-03-12,,3457
1031,Nom_1031,Prenom_1031,Manager,7,2021-09-10,,4146
1032,Nom_1032,Prenom_1032,Manager,10,2019-03-10,2019-10-01,2271
1033,Nom_1033,Prenom_1033,RH,9,2020-06-29,,3749
1034,Nom_1034,Prenom_1034,Developpeur,9,2023-12-03,,1741
1035,Nom_1035,Prenom_1035,RH,5,2019-02-22,,2707
1036,Nom_1036,Prenom_1036,Developpeur,10,2023-01-13,,2043
1037,Nom_1037,Prenom_1037,Manager,1,2019-07-24,,2266
1038,Nom_1038,Prenom_1038,Manager,1,2019-05-06,,4757
1039,Nom_1039,Prenom_1039,RH,6,2023-11-06,,2766
1040,Nom_1040,Prenom_1040,Finance,2,2019-02-12,,1175
1041,Nom_1041,Prenom_1041,RH,8,2023-11-11,,1062
1042,Nom_1042,Prenom_1042,Developpeur,9,2019-04-21,,4188
1043,Nom_1043,Prenom_1043,RH,4,2021-01-30,,4195
1044,Nom_1044,Prenom_1044,Analyste,5,2023-08-14,,2744
1045,Nom_1045,Prenom_1045,Developpeur,8,2022-04-21,,2693
1046,Nom_1046,Prenom_1046,Developpeur,3,2021-04-27,,4434
1047,Nom_1047,Prenom_1047,Finance,5,2019-04-05,,2452
1048,Nom_1048,Prenom_1048,Manager,3,2022-10-29,,4941
1049,Nom_1049,Prenom_1049,Developpeur,10,2023-03-24,,4692
1050,Nom_1050,Prenom_1050,Manager,3,2021-06-18,,1399
1051,Nom_1051,Prenom_1051,RH,3,2019-12-26,,2712
1052,Nom_1052,Prenom_1052,Analyste,7,2021-06-18,,2092
1053,Nom_1053,Prenom_1053,Finance,7,2023-09-16,,1400
1054,Nom_1054,Prenom_1054,Manager,7,2019-10-08,,1180
1055,Nom_1055,Prenom_1055,Developpeur,10,2022-05-03,,4437
1056,Nom_1056,Prenom_1056,Manager,8,2022-05-03,2023-09-07,2963
1057,Nom_1057,Prenom_1057,Developpeur,5,2020-10-28,,1898
1058,Nom_1058,Prenom_1058,Manager,5,2019-04-03,,1165
1059,Nom_1059,Prenom_1059,Developpeur,4,2020-11-02,,3370
1060,Nom_1060,Prenom_1060,RH,7,2019-03-02,,4219
1061,Nom_1061,Prenom_1061,Developpeur,10,2020-09-25,2021-07-27,3276
1062,Nom_1062,Prenom_1062,Developpeur,4,2021-12-10,,1590
1063,Nom_1063,Prenom_1063,Analyste,2,2022-11-27,,4369
1064,Nom_1064,Prenom_1064,Developpeur,4,2023-12-18,,1546
1065,Nom_1065,Prenom_1065,Analyste,8,2021-10-25,,1112
1066,Nom_1066,Prenom_1066,Finance,9,2023-01-29,2027-06-28,1720
1067,Nom_1067,Prenom_1067,Analyste,3,2020-08-26,,1877
1068,Nom_1068,Prenom_1068,RH,7,2020-11-12,,3629
1069,Nom_1069,Prenom_1069,Analyste,9,2020-06-17,,3181
1070,Nom_1070,Prenom_1070,Finance,4,2022-11-29,,4418
1071,Nom_1071,Prenom_1071,RH,10,2021-04-17,,1597
1072,Nom_1072,Prenom_1072,Manager,3,2023-03-17,,1072
1073,Nom_1073,Prenom_1073,Manager,5,2020-10-06,,3810
1074,Nom_1074,Prenom_1074,Analyste,1,2019-08-21,,2573
1075,Nom_1075,Prenom_1075,Analyste,3,2020-06-07,,3347
1076,Nom_1076,Prenom_1076,Finance,8,2019-12-12,2024-10-14,3964
1077,Nom_1077,Prenom_1077,Finance,8,2021-12-05,,1746
1078,Nom_1078,Prenom_1078,Developpeur,4,2020-06-29,,3465
1079,Nom_1079,Prenom_1079,Finance,2,2022-01-06,,1306
1080,Nom_1080,Prenom_1080,Developpeur,8,2023-10-20,,1043
1081,Nom_1081,Prenom_1081,RH,8,2022-01-01,,1305
1082,Nom_1082,Prenom_1082,Analyste,10,2021-03-04,,3958
1083,Nom_1083,Prenom_1083,RH,4,2019-09-06,2023-07-08,4390
1084,Nom_1084,Prenom_1084,Finance,3,2019-02-16,,2672
1085,Nom_1085,Prenom_1085,RH,2,2022-02-18,,4593
1086,Nom_1086,Prenom_1086,RH,9,2019-08-02,,1992
1087,Nom_1087,Prenom_1087,RH,1,2019-08-27,2022-05-13,2264
1088,Nom_1088,Prenom_1088,Finance,7,2021-12-15,,1190
1089,Nom_1089,Prenom_1089,RH,5,2019-12-16,,4177
1090,Nom_1090,Prenom_1090,Developpeur,8,2019-04-17,,1472
1091,Nom_1091,Prenom_1091,Finance,4,2021-04-10,,3360
1092,Nom_1092,Prenom_1092,RH,7,2019-02-17,,2011
1093,Nom_1093,Prenom_1093,Finance,5,2023-05-16,,1729
1094,Nom_1094,Prenom_1094,Manager,5,2019-12-03,,2339
1095,Nom_1095,Prenom_1095,Developpeur,9,2021-11-15,,1712
1096,Nom_1096,Prenom_1096,RH,9,2021-03-14,,1443
1097,Nom_1097,Prenom_1097,Manager,9,2022-07-04,,1301
1098,Nom_1098,Prenom_1098,Manager,6,2019-01-08,,1529
1099,Nom_1099,Prenom_1099,Finance,6,2020-09-16,,2083
1100,Nom_1100,Prenom_1100,Manager,5,2022-06-30,,2918
1101,Nom_1101,Prenom_1101,Developpeur,9,2023-09-12,2024-09-13,4636
1102,Nom_1102,Prenom_1102,Developpeur,10,2020-12-19,,1719
1103,Nom_1103,Prenom_1103,Analyste,8,2019-10-30,,4850
1104,Nom_1104,Prenom_1104,Developpeur,7,2020-09-30,,3139
1105,Nom_1105,Prenom_1105,Manager,7,2019-02-25,,1555
1106,Nom_1106,Prenom_1106,Developpeur,6,2020-12-26,,2669
1107,Nom_1107,Prenom_1107,Finance,5,2020-06-09,,1307
1108,Nom_1108,Prenom_1108,Analyste,4,2020-04-18,,2236
1109,Nom_1109,Prenom_1109,Manager,3,2019-01-28,,3375
1110,Nom_1110,Prenom_1110,Analyste,3,2019-03-19,2021-08-12,4226
1111,Nom_1111,Prenom_1111,Manager,6,2022-05-24,,1358
1112,Nom_1112,Prenom_1112,Finance,4,2022-11-10,,3902
1113,Nom_1113,Prenom_1113,Analyste,6,2019-12-31,,4422
1114,Nom_1114,Prenom_1114,RH,3,2020-10-27,,4857
1115,Nom_1115,Prenom_1115,Manager,4,2020-06-09,2023-02-23,4515
1116,Nom_1116,Prenom_1116,RH,9,2020-11-29,2023-05-13,2101
1117,Nom_1117,Prenom_1117,Analyste,5,2022-08-28,,2955
1118,Nom_1118,Prenom_1118,RH,7,2021-06-01,,1492
1119,Nom_1119,Prenom_1119,RH,10,2021-10-27,,2278
1120,Nom_1120,Prenom_1120,Analyste,2,2021-10-23,2026-06-06,1056
1121,Nom_1121,Prenom_1121,Finance,5,2023-07-05,,3230
1122,Nom_1122,Prenom_1122,RH,9,2021-07-07,,1241
1123,Nom_1123,Prenom_1123,RH,3,2021-01-19,,2681
1124,Nom_1124,Prenom_1124,Finance,9,2019-12-29,2021-09-18,3446
1125,Nom_1125,Prenom_1125,RH,6,2023-11-10,2025-10-12,4620
1126,Nom_1126,Prenom_1126,RH,4,2023-03-12,,2535
1127,Nom_1127,Prenom_1127,RH,7,2022-07-21,,4535
1128,Nom_1128,Prenom_1128,Developpeur,8,2023-03-10,,3445
1129,Nom_1129,Prenom_1129,Finance,6,2021-03-16,,818
1130,Nom_1130,Prenom_1130,RH,5,2021-01-08,,1924
1131,Nom_1131,Prenom_1131,Finance,6,2021-11-04,,4785
1132,Nom_1132,Prenom_1132,Manager,5,2022-04-30,2026-08-04,3454
1133,Nom_1133,Prenom_1133,Manager,8,2023-07-13,,2880
1134,Nom_1134,Prenom_1134,RH,1,2020-04-29,,2347
1135,Nom_1135,Prenom_1135,Finance,7,2019-01-28,,1661
1136,Nom_1136,Prenom_1136,Finance,10,2020-12-14,,954
1137,Nom_1137,Prenom_1137,Finance,10,2021-11-28,,4294
1138,Nom_1138,Prenom_1138,Developpeur,2,2022-07-20,,1704
1139,Nom_1139,Prenom_1139,Manager,9,2022-06-08,,2069
1140,Nom_1140,Prenom_1140,Finance,1,2019-03-27,,1204
1141,Nom_1141,Prenom_1141,Finance,10,2023-02-06,,1643
1142,Nom_1142,Prenom_1142,Developpeur,6,2019-05-06,2022-07-14,2582
1143,Nom_1143,Prenom_1143,Developpeur,9,2021-03-22,,2364
1144,Nom_1144,Prenom_1144,Finance,1,2020-06-20,,1984
1145,Nom_1145,Prenom_1145,Analyste,4,2019-05-25,,1546
1146,Nom_1146,Prenom_1146,Finance,4,2023-03-29,,2525
1147,Nom_1147,Prenom_1147,Finance,9,2022-05-20,,3988
1148,Nom_1148,Prenom_1148,Developpeur,5,2019-01-25,,1070
1149,Nom_1149,Prenom_1149,Developpeur,5,2023-05-23,,4756
1150,Nom_1150,Prenom_1150,Finance,6,2022-11-18,2025-03-04,971
1151,Nom_1151,Prenom_1151,Finance,1,2019-03-08,,1073
1152,Nom_1152,Prenom_1152,Finance,1,2019-08-21,,3106
1153,Nom_1153,Prenom_1153,Developpeur,9,2019-04-19,2021-06-03,1958
1154,Nom_1154,Prenom_1154,Finance,3,2022-03-15,,2506
1155,Nom_1155,Prenom_1155,Finance,4,2019-04-21,,2571
1156,Nom_1156,Prenom_1156,RH,1,2019-08-16,,1221
1157,Nom_1157,Prenom_1157,Analyste,9,2019-04-21,,2009
1158,Nom_1158,Prenom_1158,Manager,8,2023-02-02,,1690
1159,Nom_1159,Prenom_1159,Analyste,2,2019-02-03,,4067
1160,Nom_1160,Prenom_1160,RH,8,2020-09-14,2021-06-20,2273
1161,Nom_1161,Prenom_1161,Manager,7,2023-12-05,,4043
1162,Nom_1162,Prenom_1162,Finance,6,2022-10-24,2024-12-27,2981
1163,Nom_1163,Prenom_1163,RH,1,2021-01-17,,2249
1164,Nom_1164,Prenom_1164,Finance,7,2020-08-17,2023-09-18,3896
1165,Nom_1165,Prenom_1165,Developpeur,10,2023-04-27,,4056
1166,Nom_1166,Prenom_1166,RH,7,2020-02-29,,3956
1167,Nom_1167,Prenom_1167,Developpeur,9,2020-09-04,,2390
1168,Nom_1168,Prenom_1168,RH,1,2023-03-22,,4781
1169,Nom_1169,Prenom_1169,RH,2,2020-11-22,,2235
1170,Nom_1170,Prenom_1170,Developpeur,9,2022-07-29,,1023
1171,Nom_1171,Prenom_1171,Manager,9,2022-09-05,,1019
1172,Nom_1172,Prenom_1172,Analyste,6,2023-10-28,,2454
1173,Nom_1173,Prenom_1173,Finance,6,2023-01-06,,1064
1174,Nom_1174,Prenom_1174,RH,4,2019-11-11,,1753
1175,Nom_1175,Prenom_1175,Finance,4,2021-05-26,,4533
1176,Nom_1176,Prenom_1176,Developpeur,5,2023-10-31,2028-08-26,3574
1177,Nom_1177,Prenom_1177,Finance,3,2022-11-01,,3924
1178,Nom_1178,Prenom_1178,Developpeur,1,2022-08-05,,1279
1179,Nom_1179,Prenom_1179,Finance,1,2022-12-31,,4314
1180,Nom_1180,Prenom_1180,Analyste,7,2020-10-23,,2153
1181,Nom_1181,Prenom_1181,Analyste,1,2019-10-04,2021-10-08,4122
1182,Nom_1182,Prenom_1182,Analyste,1,2023-09-30,,4678
1183,Nom_1183,Prenom_1183,Analyste,3,2023-05-25,,1689
1184,Nom_1184,Prenom_1184,Analyste,10,2023-03-07,,4654
1185,Nom_1185,Prenom_1185,Analyste,4,2020-09-15,,1724
1186,Nom_1186,Prenom_1186,Developpeur,4,2020-05-30,,2970
1187,Nom_1187,Prenom_1187,RH,2,2022-10-05,,2702
1188,Nom_1188,Prenom_1188,Finance,1,2021-04-22,,3195
1189,Nom_1189,Prenom_1189,Analyste,3,2023-01-09,,828
1190,Nom_1190,Prenom_1190,Developpeur,4,2019-12-16,,834
1191,Nom_1191,Prenom_1191,Developpeur,3,2023-06-19,,4389
1192,Nom_1192,Prenom_1192,Developpeur,8,2023-08-15,,3470
1193,Nom_1193,Prenom_1193,RH,10,2021-04-02,2022-07-03,4165
1194,Nom_1194,Prenom_1194,Finance,1,2022-03-06,,1388
1195,Nom_1195,Prenom_1195,RH,2,2021-01-28,,4018
1196,Nom_1196,Prenom_1196,Manager,7,2021-06-17,,3938
1197,Nom_1197,Prenom_1197,Developpeur,4,2019-08-31,,1703
1198,Nom_1198,Prenom_1198,Manager,8,2020-06-26,,4886
1199,Nom_1199,Prenom_1199,Analyste,3,2021-11-29,2027-02-07,2969
1200,Nom_1200,Prenom_1200,Analyste,6,2019-08-17,,1139
1201,Nom_1201,Prenom_1201,RH,9,2020-07-01,2025-09-15,2514
1202,Nom_1202,Prenom_1202,Finance,1,2021-07-08,,1356
1203,Nom_1203,Prenom_1203,Manager,1,2022-05-31,,3887
1204,Nom_1204,Prenom_1204,Finance,8,2019-01-06,,4066
1205,Nom_1205,Prenom_1205,RH,3,2022-09-07,,4367
1206,Nom_1206,Prenom_1206,Analyste,5,2020-04-12,,2856
1207,Nom_1207,Prenom_1207,Finance,1,2023-10-22,,4699
1208,Nom_1208,Prenom_1208,Finance,5,2019-03-16,,1816
1209,Nom_1209,Prenom_1209,Analyste,6,2019-01-04,,2862
1210,Nom_1210,Prenom_1210,Manager,8,2020-10-07,2025-10-10,1638
1211,Nom_1211,Prenom_1211,Analyste,3,2019-04-28,,2437
1212,Nom_1212,Prenom_1212,Finance,3,2021-05-30,,4296
1213,Nom_1213,Prenom_1213,Manager,10,2023-06-18,,2613
1214,Nom_1214,Prenom_1214,Manager,9,2020-05-18,,4279
1215,Nom_1215,Prenom_1215,Analyste,4,2021-08-04,,2251
1216,Nom_1216,Prenom_1216,Finance,4,2020-07-27,,3113
1217,Nom_1217,Prenom_1217,RH,7,2023-01-04,,2314
1218,Nom_1218,Prenom_1218,Finance,2,2019-07-13,,2031
1219,Nom_1219,Prenom_1219,Developpeur,8,2021-04-26,2023-02-25,2445
1220,Nom_1220,Prenom_1220,RH,6,2020-12-15,,3799
1221,Nom_1221,Prenom_1221,Manager,3,2022-11-16,,4240
1222,Nom_1222,Prenom_1222,RH,9,2021-11-15,,4856
1223,Nom_1223,Prenom_1223,Manager,5,2022-12-29,,1105
1224,Nom_1224,Prenom_1224,Manager,8,2019-06-22,,4336
1225,Nom_1225,Prenom_1225,RH,7,2022-08-16,,2523
1226,Nom_1226,Prenom_1226,Manager,8,2023-07-27,,2489
1227,Nom_1227,Prenom_1227,Manager,7,2019-11-22,,2317
1228,Nom_1228,Prenom_1228,Developpeur,3,2022-12-04,,4717
1229,Nom_1229,Prenom_1229,Finance,2,2022-02-15,,1219
1230,Nom_1230,Prenom_1230,Finance,7,2021-04-15,,3736
1231,Nom_1231,Prenom_1231,Developpeur,3,2023-12-16,,4662
1232,Nom_1232,Prenom_1232,RH,3,2020-12-24,,2250
1233,Nom_1233,Prenom_1233,Analyste,2,2019-08-13,,3896
1234,Nom_1234,Prenom_1234,Analyste,4,2020-06-15,,4061
1235,Nom_1235,Prenom_1235,Analyste,8,2019-04-23,2020-06-30,1964
1236,Nom_1236,Prenom_1236,Developpeur,1,2019-05-20,,2669
1237,Nom_1237,Prenom_1237,Developpeur,1,2020-07-12,,2619
1238,Nom_1238,Prenom_1238,Manager,5,2019-01-01,2020-07-14,3505
1239,Nom_1239,Prenom_1239,Analyste,5,2019-03-31,,4315
1240,Nom_1240,Prenom_1240,RH,1,2020-10-15,2023-09-21,2142
1241,Nom_1241,Prenom_1241,RH,6,2019-11-16,,3026
1242,Nom_1242,Prenom_1242,Analyste,1,2023-04-23,,1879
1243,Nom_1243,Prenom_1243,Analyste,5,2019-05-19,,3579
1244,Nom_1244,Prenom_1244,Analyste,9,2023-03-15,,3328
1245,Nom_1245,Prenom_1245,Developpeur,5,2021-04-24,2023-04-15,1613
1246,Nom_1246,Prenom_1246,Developpeur,6,2019-09-16,,2831
1247,Nom_1247,Prenom_1247,Developpeur,8,2023-08-24,,1122
1248,Nom_1248,Prenom_1248,Finance,1,2021-06-20,,3769
1249,Nom_1249,Prenom_1249,RH,2,2020-11-20,,1703
1250,Nom_1250,Prenom_1250,RH,9,2019-01-10,,2341
1251,Nom_1251,Prenom_1251,Manager,3,2019-09-18,,4303
1252,Nom_1252,Prenom_1252,Developpeur,6,2023-08-01,,3453
1253,Nom_1253,Prenom_1253,Finance,5,2019-06-21,,3276
1254,Nom_1254,Prenom_1254,Finance,2,2021-06-16,,4140
1255,Nom_1255,Prenom_1255,RH,7,2019-01-13,,1941
1256,Nom_1256,Prenom_1256,Developpeur,4,2022-04-06,,1649
1257,Nom_1257,Prenom_1257,Manager,1,2023-07-24,,1166
1258,Nom_1258,Prenom_1258,Developpeur,4,2023-06-08,2027-06-14,3697
1259,Nom_1259,Prenom_1259,Analyste,6,2019-11-17,,1889
1260,Nom_1260,Prenom_1260,Developpeur,7,2022-09-04,,4841
1261,Nom_1261,Prenom_1261,Analyste,7,2023-06-25,,2838
1262,Nom_1262,Prenom_1262,Analyste,7,2019-11-25,,3660
1263,Nom_1263,Prenom_1263,Manager,3,2021-02-23,,2654
1264,Nom_1264,Prenom_1264,RH,6,2021-02-15,,1294
1265,Nom_1265,Prenom_1265,Developpeur,8,2021-06-29,2026-06-16,3982
1266,Nom_1266,Prenom_1266,Analyste,4,2023-04-23,,2584
1267,Nom_1267,Prenom_1267,Developpeur,8,2022-12-13,,4310
1268,Nom_1268,Prenom_1268,RH,2,2023-06-18,,4586
1269,Nom_1269,Prenom_1269,RH,10,2022-01-23,,4930
1270,Nom_1270,Prenom_1270,Finance,9,2023-05-24,,1798
1271,Nom_1271,Prenom_1271,RH,9,2019-11-14,,2251
1272,Nom_1272,Prenom_1272,Manager,8,2019-08-24,,2551
1273,Nom_1273,Prenom_1273,Analyste,10,2019-11-30,,3080
1274,Nom_1274,Prenom_1274,Finance,10,2020-01-11,2022-10-11,3734
1275,Nom_1275,Prenom_1275,Manager,1,2023-01-22,,4534
1276,Nom_1276,Prenom_1276,Developpeur,2,2022-03-06,,4146
1277,Nom_1277,Prenom_1277,Analyste,6,2020-08-10,,2673
1278,Nom_1278,Prenom_1278,RH,10,2023-04-20,,4603
1279,Nom_1279,Prenom_1279,Analyste,5,2020-05-27,,2779
1280,Nom_1280,Prenom_1280,Developpeur,9,2022-08-12,,1498
1281,Nom_1281,Prenom_1281,Finance,5,2022-09-05,,2112
1282,Nom_1282,Prenom_1282,Finance,2,2021-07-06,,3762
1283,Nom_1283,Prenom_1283,Finance,10,2023-05-15,,3738
1284,Nom_1284,Prenom_1284,RH,4,2022-10-04,,3100
1285,Nom_1285,Prenom_1285,Manager,9,2023-12-08,,3997
1286,Nom_1286,Prenom_1286,Manager,1,2021-05-22,,926
1287,Nom_1287,Prenom_1287,Analyste,1,2022-06-06,,1991
1288,Nom_1288,Prenom_1288,RH,7,2019-09-27,,3439
1289,Nom_1289,Prenom_1289,Finance,3,2021-03-08,,4716
1290,Nom_1290,Prenom_1290,Finance,10,2022-08-07,,2166
1291,Nom_1291,Prenom_1291,Developpeur,2,2020-12-25,,1819
1292,Nom_1292,Prenom_1292,Developpeur,9,2022-04-03,,4879
1293,Nom_1293,Prenom_1293,Finance,3,2019-01-05,,1484
1294,Nom_1294,Prenom_1294,Finance,2,2021-04-30,,4429
1295,Nom_1295,Prenom_1295,RH,8,2022-11-03,2025-09-26,3687
1296,Nom_1296,Prenom_1296,Manager,10,2019-03-19,,2262
1297,Nom_1297,Prenom_1297,Developpeur,6,2022-12-04,,4886
1298,Nom_1298,Prenom_1298,Manager,6,2020-07-27,,3061
1299,Nom_1299,Prenom_1299,RH,10,2019-05-12,,4980
1300,Nom_1300,Prenom_1300,Finance,7,2020-08-23,,3641
1301,Nom_1301,Prenom_1301,Manager,7,2023-11-08,,2567
1302,Nom_1302,Prenom_1302,Finance,6,2021-12-01,,4980
1303,Nom_1303,Prenom_1303,Finance,4,2019-03-30,,4360
1304,Nom_1304,Prenom_1304,Analyste,9,2020-02-06,2024-04-17,2912
1305,Nom_1305,Prenom_1305,Manager,6,2019-10-23,,1426
1306,Nom_1306,Prenom_1306,Manager,4,2022-08-11,,4959
1307,Nom_1307,Prenom_1307,Finance,3,2020-09-07,,4214
1308,Nom_1308,Prenom_1308,RH,4,2023-03-30,,2175
1309,Nom_1309,Prenom_1309,Analyste,3,2021-03-10,2024-10-18,1981
1310,Nom_1310,Prenom_1310,Finance,2,2023-09-11,,1290
1311,Nom_1311,Prenom_1311,Developpeur,5,2023-07-19,,4529
1312,Nom_1312,Prenom_1312,Developpeur,2,2020-02-26,,4334
1313,Nom_1313,Prenom_1313,Analyste,6,2021-11-12,,4096
1314,Nom_1314,Prenom_1314,RH,3,2020-07-28,,2740
1315,Nom_1315,Prenom_1315,Finance,6,2019-05-23,,2682
1316,Nom_1316,Prenom_1316,Manager,10,2021-09-19,,3787
1317,Nom_1317,Prenom_1317,Analyste,9,2020-10-26,,3959
1318,Nom_1318,Prenom_1318,RH,1,2019-05-25,,1481
1319,Nom_1319,Prenom_1319,Manager,6,2022-06-02,,1873
1320,Nom_1320,Prenom_1320,Developpeur,9,2021-10-03,,3187
1321,Nom_1321,Prenom_1321,Developpeur,4,2020-05-17,2024-06-04,3194
1322,Nom_1322,Prenom_1322,Manager,2,2021-03-31,,3493
1323,Nom_1323,Prenom_1323,Analyste,4,2023-06-28,,2170
1324,Nom_1324,Prenom_1324,Developpeur,1,2019-04-14,2023-11-30,2956
1325,Nom_1325,Prenom_1325,Finance,3,2021-11-28,,3380
1326,Nom_1326,Prenom_1326,Manager,10,2019-07-17,2020-10-19,2959
1327,Nom_1327,Prenom_1327,Manager,9,2023-07-28,,4048
1328,Nom_1328,Prenom_1328,Developpeur,10,2020-08-01,,4531
1329,Nom_1329,Prenom_1329,Analyste,5,2020-01-26,,4629
1330,Nom_1330,Prenom_1330,Finance,6,2022-04-17,,2427
1331,Nom_1331,Prenom_1331,Analyste,3,2020-07-07,,4272
1332,Nom_1332,Prenom_1332,RH,5,2023-01-11,,827
1333,Nom_1333,Prenom_1333,RH,8,2023-03-04,,2785
1334,Nom_1334,Prenom_1334,Developpeur,6,2021-11-04,,4953
1335,Nom_1335,Prenom_1335,Developpeur,4,2023-07-05,,2321
1336,Nom_1336,Prenom_1336,Developpeur,2,2023-08-20,,1096
1337,Nom_1337,Prenom_1337,RH,9,2022-08-05,,2981
1338,Nom_1338,Prenom_1338,Analyste,1,2020-04-22,,4202
1339,Nom_1339,Prenom_1339,Analyste,1,2022-06-08,,3096
1340,Nom_1340,Prenom_1340,Developpeur,4,2021-07-11,,3397
1341,Nom_1341,Prenom_1341,Finance,7,2020-02-24,,1701
1342,Nom_1342,Prenom_1342,Analyste,1,2019-06-06,,1898
1343,Nom_1343,Prenom_1343,RH,9,2020-07-03,2024-07-20,2477
1344,Nom_1344,Prenom_1344,Manager,4,2023-01-04,2025-08-13,3681
1345,Nom_1345,Prenom_1345,Manager,3,2022-01-25,,2178
1346,Nom_1346,Prenom_1346,Manager,1,2021-10-17,2024-08-04,2048
1347,Nom_1347,Prenom_1347,Finance,10,2021-09-23,,4535
1348,Nom_1348,Prenom_1348,Developpeur,4,2022-12-05,,2064
1349,Nom_1349,Prenom_1349,RH,9,2021-08-08,,2707
1350,Nom_1350,Prenom_1350,Finance,10,2019-10-16,,1858
1351,Nom_1351,Prenom_1351,RH,6,2022-07-01,,3549
1352,Nom_1352,Prenom_1352,RH,6,2019-07-15,,2848
1353,Nom_1353,Prenom_1353,Developpeur,1,2020-08-20,,3276
1354,Nom_1354,Prenom_1354,Manager,10,2023-03-26,,4816
1355,Nom_1355,Prenom_1355,Developpeur,2,2020-05-31,,3997
1356,Nom_1356,Prenom_1356,Finance,6,2023-07-17,,4353
1357,Nom_1357,Prenom_1357,Finance,2,2021-05-14,,2561
1358,Nom_1358,Prenom_1358,Finance,3,2022-02-15,,1020
1359,Nom_1359,Prenom_1359,Developpeur,4,2021-03-16,,3688
1360,Nom_1360,Prenom_1360,RH,5,2022-03-28,,2464
1361,Nom_1361,Prenom_1361,RH,9,2021-03-25,,4786
1362,Nom_1362,Prenom_1362,Analyste,4,2019-08-16,,3777
1363,Nom_1363,Prenom_1363,Finance,9,2019-08-04,,2671
1364,Nom_1364,Prenom_1364,RH,10,2021-08-05,,2262
1365,Nom_1365,Prenom_1365,Analyste,3,2023-09-16,2026-03-02,1144
1366,Nom_1366,Prenom_1366,RH,8,2019-01-15,,844
1367,Nom_1367,Prenom_1367,Finance,1,2022-03-26,,2868
1368,Nom_1368,Prenom_1368,Manager,9,2023-07-30,,2314
1369,Nom_1369,Prenom_1369,Finance,9,2022-07-08,,3398
1370,Nom_1370,Prenom_1370,Developpeur,10,2022-03-26,,1801
1371,Nom_1371,Prenom_1371,RH,2,2019-02-16,,1833
1372,Nom_1372,Prenom_1372,RH,4,2019-11-20,,2840
1373,Nom_1373,Prenom_1373,Developpeur,8,2021-04-23,,1073
1374,Nom_1374,Prenom_1374,Developpeur,7,2023-09-05,2025-01-24,3447
1375,Nom_1375,Prenom_1375,Manager,1,2019-05-10,,2579
1376,Nom_1376,Prenom_1376,RH,5,2022-12-05,,1278
1377,Nom_1377,Prenom_1377,RH,7,2019-04-05,,1315
1378,Nom_1378,Prenom_1378,Manager,4,2020-09-18,,1991
1379,Nom_1379,Prenom_1379,Analyste,1,2021-01-24,,3468
1380,Nom_1380,Prenom_1380,Manager,9,2022-08-08,,2211
1381,Nom_1381,Prenom_1381,Finance,5,2021-03-04,,4080
1382,Nom_1382,Prenom_1382,RH,2,2022-07-30,2023-08-24,1071
1383,Nom_1383,Prenom_1383,Developpeur,8,2019-03-10,,942
1384,Nom_1384,Prenom_1384,Finance,2,2023-08-11,,4132
1385,Nom_1385,Prenom_1385,RH,3,2019-01-11,,1587
1386,Nom_1386,Prenom_1386,Manager,10,2022-07-01,2024-12-23,2481
1387,Nom_1387,Prenom_1387,Finance,1,2021-05-21,,1422
1388,Nom_1388,Prenom_1388,RH,2,2020-07-03,,4641
1389,Nom_1389,Prenom_1389,Analyste,7,2022-03-03,,4476
1390,Nom_1390,Prenom_1390,Analyste,10,2020-12-12,,3372
1391,Nom_1391,Prenom_1391,Developpeur,2,2019-01-23,,4060
1392,Nom_1392,Prenom_1392,RH,6,2021-03-25,,866
1393,Nom_1393,Prenom_1393,Analyste,3,2019-12-12,,1940
1394,Nom_1394,Prenom_1394,Manager,4,2019-10-29,,3114
1395,Nom_1395,Prenom_1395,RH,8,2019-12-29,,3332
1396,Nom_1396,Prenom_1396,Manager,3,2020-01-31,2023-02-06,4380
1397,Nom_1397,Prenom_1397,Manager,10,2019-08-06,,1987
1398,Nom_1398,Prenom_1398,Analyste,6,2019-05-21,,4139
1399,Nom_1399,Prenom_1399,RH,1,2023-06-28,,1348
1400,Nom_1400,Prenom_1400,Finance,7,2021-08-15,,4887
1401,Nom_1401,Prenom_1401,Analyste,8,2022-05-18,,872
1402,Nom_1402,Prenom_1402,Analyste,8,2021-09-11,,998
1403,Nom_1403,Prenom_1403,RH,3,2021-09-19,,4001
1404,Nom_1404,Prenom_1404,RH,10,2023-07-05,,2581
1405,Nom_1405,Prenom_1405,Manager,1,2023-06-28,,1371
1406,Nom_1406,Prenom_1406,RH,9,2021-04-07,2023-04-08,1590
1407,Nom_1407,Prenom_1407,Manager,6,2020-11-13,,2438
1408,Nom_1408,Prenom_1408,Analyste,9,2023-01-23,,2631
1409,Nom_1409,Prenom_1409,Developpeur,7,2021-09-30,,2655
1410,Nom_1410,Prenom_1410,Finance,1,2019-12-22,,1974
1411,Nom_1411,Prenom_1411,Analyste,1,2021-10-04,,4540
1412,Nom_1412,Prenom_1412,RH,6,2022-09-09,,4077
1413,Nom_1413,Prenom_1413,Finance,5,2022-03-02,,978
1414,Nom_1414,Prenom_1414,Developpeur,9,2021-06-06,,3044
1415,Nom_1415,Prenom_1415,Developpeur,2,2019-05-07,,4886
1416,Nom_1416,Prenom_1416,Manager,8,2022-02-03,,1534
1417,Nom_1417,Prenom_1417,Finance,5,2021-10-05,,1598
1418,Nom_1418,Prenom_1418,Manager,2,2020-08-26,,1587
1419,Nom_1419,Prenom_1419,Analyste,10,2023-12-28,,3595
1420,Nom_1420,Prenom_1420,Finance,6,2022-11-02,,3884
1421,Nom_1421,Prenom_1421,Analyste,10,2021-10-10,,3718
1422,Nom_1422,Prenom_1422,Manager,8,2019-02-20,,1531
1423,Nom_1423,Prenom_1423,Finance,4,2021-11-18,2022-06-11,1929
1424,Nom_1424,Prenom_1424,Manager,2,2023-01-25,,4246
1425,Nom_1425,Prenom_1425,Finance,5,2022-08-12,,2405
1426,Nom_1426,Prenom_1426,Manager,2,2022-08-13,,4578
1427,Nom_1427,Prenom_1427,Developpeur,2,2023-10-16,,3545
1428,Nom_1428,Prenom_1428,Manager,6,2021-02-17,,3970
1429,Nom_1429,Prenom_1429,Developpeur,10,2022-12-01,,3733
1430,Nom_1430,Prenom_1430,Manager,9,2023-11-28,2024-06-21,2015
1431,Nom_1431,Prenom_1431,Finance,4,2021-03-24,,1124
1432,Nom_1432,Prenom_1432,Finance,6,2023-06-25,,2650
1433,Nom_1433,Prenom_1433,Finance,7,2022-11-29,,2290
1434,Nom_1434,Prenom_1434,RH,6,2022-10-01,,1693
1435,Nom_1435,Prenom_1435,Analyste,8,2023-07-04,,2190
1436,Nom_1436,Prenom_1436,Finance,4,2020-02-24,,4189
1437,Nom_1437,Prenom_1437,Developpeur,1,2022-04-20,,3063
1438,Nom_1438,Prenom_1438,Finance,7,2021-09-09,,4232
1439,Nom_1439,Prenom_1439,RH,3,2021-04-04,,3171
1440,Nom_1440,Prenom_1440,Developpeur,6,2021-10-21,,3886
1441,Nom_1441,Prenom_1441,RH,2,2020-07-20,,2315
1442,Nom_1442,Prenom_1442,Developpeur,9,2020-01-06,,3717
1443,Nom_1443,Prenom_1443,Manager,1,2021-07-24,,3152
1444,Nom_1444,Prenom_1444,Analyste,6,2020-10-22,,1967
1445,Nom_1445,Prenom_1445,Analyste,6,2022-12-25,,910
1446,Nom_1446,Prenom_1446,RH,5,2021-08-26,,4455
1447,Nom_1447,Prenom_1447,Analyste,5,2022-08-25,,4593
1448,Nom_1448,Prenom_1448,RH,1,2022-03-06,,2555
1449,Nom_1449,Prenom_1449,RH,10,2019-07-21,2021-12-18,2377
1450,Nom_1450,Prenom_1450,RH,5,2022-12-30,,2096
1451,Nom_1451,Prenom_1451,Analyste,2,2019-11-09,,4574
1452,Nom_1452,Prenom_1452,RH,7,2019-04-27,,3020
1453,Nom_1453,Prenom_1453,Analyste,3,2023-08-17,,1772
1454,Nom_1454,Prenom_1454,RH,4,2021-07-25,2025-01-31,1830
1455,Nom_1455,Prenom_1455,Finance,3,2020-07-28,2022-12-06,3393
1456,Nom_1456,Prenom_1456,RH,3,2019-09-01,,4792
1457,Nom_1457,Prenom_1457,Developpeur,4,2020-06-20,,1713
1458,Nom_1458,Prenom_1458,RH,5,2023-06-14,,2981
1459,Nom_1459,Prenom_1459,Manager,1,2019-03-16,,3997
1460,Nom_1460,Prenom_1460,RH,4,2020-01-21,,2262
1461,Nom_1461,Prenom_1461,Developpeur,8,2022-05-18,2023-12-31,3178
1462,Nom_1462,Prenom_1462,Developpeur,10,2020-04-19,,4254
1463,Nom_1463,Prenom_1463,Analyste,7,2020-02-22,,4353
1464,Nom_1464,Prenom_1464,Finance,9,2019-12-13,,2107
1465,Nom_1465,Prenom_1465,RH,5,2023-04-02,,1989
1466,Nom_1466,Prenom_1466,Analyste,10,2020-10-01,,1487
1467,Nom_1467,Prenom_1467,Finance,4,2021-07-27,,2007
1468,Nom_1468,Prenom_1468,RH,8,2021-08-12,,2694
1469,Nom_1469,Prenom_1469,Manager,9,2021-05-25,,2611
1470,Nom_1470,Prenom_1470,RH,7,2021-02-01,,3983
1471,Nom_1471,Prenom_1471,Developpeur,7,2022-04-17,,4597
1472,Nom_1472,Prenom_1472,Developpeur,5,2022-04-20,,2444
1473,Nom_1473,Prenom_1473,Manager,4,2020-10-25,,4768
1474,Nom_1474,Prenom_1474,Analyste,10,2019-01-25,,3516
1475,Nom_1475,Prenom_1475,Finance,1,2022-04-18,,990
1476,Nom_1476,Prenom_1476,RH,10,2020-12-10,2021-11-21,2135
1477,Nom_1477,Prenom_1477,Developpeur,10,2023-03-05,,3906
1478,Nom_1478,Prenom_1478,Analyste,7,2022-03-30,,1178
1479,Nom_1479,Prenom_1479,Manager,1,2019-06-26,,4629
1480,Nom_1480,Prenom_1480,Developpeur,1,2019-10-12,2024-12-27,1415
1481,Nom_1481,Prenom_1481,Manager,5,2019-03-04,,3130
1482,Nom_1482,Prenom_1482,RH,9,2021-09-29,,2554
1483,Nom_1483,Prenom_1483,Finance,6,2020-10-23,,1263
1484,Nom_1484,Prenom_1484,Developpeur,3,2020-10-27,,1766
1485,Nom_1485,Prenom_1485,Developpeur,3,2019-06-05,,3958
1486,Nom_1486,Prenom_1486,RH,7,2023-02-01,,4424
1487,Nom_1487,Prenom_1487,Analyste,6,2021-12-08,2022-11-21,1489
1488,Nom_1488,Prenom_1488,Finance,9,2021-08-24,,3422
1489,Nom_1489,Prenom_1489,Developpeur,6,2021-04-28,,3012
1490,Nom_1490,Prenom_1490,Finance,5,2022-01-12,,1182
1491,Nom_1491,Prenom_1491,Developpeur,10,2022-10-16,2023-11-28,3056
1492,Nom_1492,Prenom_1492,Finance,7,2020-11-19,,4610
1493,Nom_1493,Prenom_1493,Manager,1,2019-05-28,,4303
1494,Nom_1494,Prenom_1494,Developpeur,7,2023-07-12,,2212
1495,Nom_1495,Prenom_1495,Finance,3,2019-12-08,2024-11-23,2383
1496,Nom_1496,Prenom_1496,Analyste,9,2020-04-20,,1171
1497,Nom_1497,Prenom_1497,Manager,6,2021-12-22,,1410
1498,Nom_1498,Prenom_1498,Manager,9,2023-09-21,,915
1499,Nom_1499,Prenom_1499,Analyste,5,2022-10-15,2024-04-13,1246
1500,Nom_1500,Prenom_1500,Finance,7,2020-07-14,,2191